"(PDH-CSV 4.0)","\Processor(_Total)\% Processor Time","\Processor(0)\% Processor Time","\Processor(1)\% Processor Time","\Processor Information(0,0)\Actual Frequency","\Processor Information(0,1)\Actual Frequency","\Process(System)\% Processor Time","\Process(MsMpEng)\% Processor Time"
"09/29/2026 13:00:11.488","5.166921","7.008956","2.435626","3788.929818","3488.943164","0.000000","0.000000"
"09/29/2026 13:00:12.501","0.000000","5.892964","0.000000","4880.697557","3494.092508","1.542738","0.000000"
"09/29/2026 13:00:13.519","1.594006","12.528012","3.320434","4970.854247","3438.564419","1.534596","0.000000"
"09/29/2026 13:00:14.534","3.167679","-1","1.500366","3101.646629","4154.035951","1.539057","0.000000"
"09/29/2026 13:00:15.549","0.761834","16.809401","0.000000","2105.689560","3336.198876","1.540567","0.000000"
"09/29/2026 13:00:16.572","7.109537","6.855039","83.203368","5066.303248","5159.116175","7.634833","3.053933"
"09/29/2026 13:00:17.591","2.981393","29.487464","58.612207","5094.953304","5143.415329","4.598644","0.000000"
"09/29/2026 13:00:18.614","2.952798","5.245251","77.075464","5083.949852","5161.142603","3.056605","1.528302"
"09/29/2026 13:00:19.635","8.997825","20.468688","55.645999","5144.003237","5146.585527","1.529448","0.000000"
"09/29/2026 13:00:20.652","4.884014","47.769417","53.914192","5153.497333","5102.375545","3.072387","4.608581"
"09/29/2026 13:00:21.673","2.953799","35.685359","47.935767","5165.140466","5128.003918","7.656505","1.531301"
"09/29/2026 13:00:22.693","4.316448","46.417211","40.293464","5157.101136","5041.162945","3.061874","4.592810"
"09/29/2026 13:00:23.714","5.745525","15.821445","96.938962","5016.305182","5169.678379","0.000000","0.000000"
"09/29/2026 13:00:24.742","5.145112","10.337434","87.842364","5152.886487","5154.673147","3.039409","0.000000"
"09/29/2026 13:00:25.760","8.045719","73.891896","27.818771","5219.428194","5108.780717","0.000000","0.000000"
"09/29/2026 13:00:26.780","5.739925","21.886028","81.620242","4859.367491","5164.760672","1.531647","1.531647"
"09/29/2026 13:00:27.799","0.000000","1.878661","54.005622","3511.927245","5134.317907","7.665730","0.000000"
"09/29/2026 13:00:28.823","6.493863","61.834228","38.934764","5165.396514","5090.383785","9.159785","3.053262"
"09/29/2026 13:00:29.843","6.619500","11.151299","100.000000","4966.685094","5162.767860","6.127497","0.000000"
"09/29/2026 13:00:30.861","6.393197","18.725011","81.598116","5129.527825","5148.037064","1.533490","3.066981"
"09/29/2026 13:00:31.879","4.891169","63.158921","38.598202","5152.305906","5118.331103","1.535045","0.000000"
"09/29/2026 13:00:32.899","5.937335","24.903121","78.543749","5181.700892","5161.199242","1.532589","0.000000"
"09/29/2026 13:00:33.921","2.633917","9.770701","46.474145","4929.581718","5119.783076","7.646551","0.000000"
"09/29/2026 13:00:34.946","6.236781","42.104231","52.769241","5166.018813","5112.144965","6.094291","3.047146"
"09/29/2026 13:00:35.962","4.028695","40.033950","38.496359","5194.742616","5094.082314","3.075182","0.000000"
"09/29/2026 13:00:36.982","9.424670","29.481549","69.339804","5085.035798","5138.417797","9.198059","6.132039"
"09/29/2026 13:00:38.002","2.797229","31.070914","78.555395","5153.993510","5151.262015","6.127030","6.127030"
"09/29/2026 13:00:39.023","1.398343","29.633985","5.158850","5198.159341","4757.228345","4.589088","1.529696"
"09/29/2026 13:00:40.046","6.906387","46.549118","57.239295","5132.705612","5127.660411","3.054336","10.690176"
"09/29/2026 13:00:41.061","3.328245","13.784448","7.626194","5132.323370","4587.186625","4.618690","0.000000"
"09/29/2026 13:00:42.079","5.925451","52.419127","63.163195","5143.741723","5145.426375","9.209201","3.069734"
"09/29/2026 13:00:43.100","6.591973","57.153454","60.213921","5143.822826","5150.891111","6.120935","1.530234"
"09/29/2026 13:00:44.121","11.234660","54.086893","66.330388","5101.220169","5106.078922","12.243495","12.243495"
"09/29/2026 13:00:45.142","4.097738","14.300101","49.498274","4961.284128","5142.730135","7.651777","1.530355"
"09/29/2026 13:00:46.160","8.061679","53.966904","72.380142","5107.265731","5157.762124","4.603310","0.000000"
"09/29/2026 13:00:47.178","6.305481","4.834515","46.277549","4679.485068","5140.592186","3.069854","1.534927"
"09/29/2026 13:00:48.199","3.792075","67.845626","51.002859","5159.247909","5104.812122","9.186964","4.593482"
"09/29/2026 13:00:49.224","6.230176","61.882185","48.159772","5153.302538","5120.622122","6.098850","7.623563"
"09/29/2026 13:00:50.246","2.579379","15.950841","3.725509","5107.332046","4763.621045","4.584500","0.000000"
"09/29/2026 13:00:51.264","8.545215","41.673586","64.697171","5135.683013","5139.213132","13.814151","10.744339"
"09/29/2026 13:00:52.287","5.112222","34.323153","69.452629","5148.470418","5160.062004","3.054737","0.000000"
"09/29/2026 13:00:53.309","4.133552","17.446566","84.712327","5146.597894","5184.186945","3.057535","0.000000"
"09/29/2026 13:00:54.333","7.211640","20.630657","83.210331","4840.095819","5187.536368","1.526334","4.579001"
"09/29/2026 13:00:55.356","5.972040","8.327509","95.416375","5008.577045","5193.084456","3.055750","0.000000"
"09/29/2026 13:00:56.374","0.678992","15.580340","9.440729","5156.273658","4794.909656","15.349029","0.000000"
"09/29/2026 13:00:57.397","15.428256","46.546078","67.927647","5111.558226","5117.747893","108.435100","7.636275"
"09/29/2026 13:00:58.420","8.666101","17.570517","90.841169","4975.221538","5153.108969","96.167730","1.526472"
"09/29/2026 13:00:59.443","10.348481","0.670196","100.000000","4728.567149","5159.152258","51.957128","1.528151"
"09/29/2026 13:01:00.467","5.175454","17.632301","86.272050","5128.778303","5165.788607","4.575983","1.525328"
"09/29/2026 13:01:01.484","7.869019","33.926909","64.658579","5203.713647","5132.189270","7.682918","1.536584"
"09/29/2026 13:01:02.511","5.703831","17.871078","5.703831","5163.132810","4490.063854","9.125436","0.000000"
"09/29/2026 13:01:03.530","0.000000","0.000000","1.840009","2317.733967","3639.352817","4.601250","0.000000"
"09/29/2026 13:01:04.549","0.000000","0.327832","1.861250","4636.972026","4367.671228","4.600254","0.000000"
"09/29/2026 13:01:05.564","1.156013","0.000000","0.000000","2183.196954","3772.262780","3.078852","0.000000"
"09/29/2026 13:01:06.583","0.927280","0.288103","4.890191","3037.306030","4594.592779","1.534029","0.000000"
"09/29/2026 13:01:07.604","7.027311","34.237276","69.412686","5111.337789","5158.576459","6.117463","1.529366"
"09/29/2026 13:01:08.622","2.550192","23.217488","80.036547","5105.575560","5176.710947","4.606951","1.535650"
"09/29/2026 13:01:09.644","8.865425","0.649936","100.000000","4775.696394","5184.113615","4.585388","0.000000"
"09/29/2026 13:01:10.667","4.382364","34.346372","66.409772","5087.750116","5165.065146","4.580486","1.526829"
"09/29/2026 13:01:11.690","7.653778","12.936164","89.307950","5134.780337","5172.676896","3.054871","0.000000"
"09/29/2026 13:01:12.712","0.000000","0.000000","17.412030","4732.899725","5052.607695","1.529407","0.000000"
"09/29/2026 13:01:13.733","8.326422","31.149189","84.699820","5074.772477","5153.013621","12.240144","3.060036"
"09/29/2026 13:01:14.757","6.029518","6.919632","100.000000","4586.254650","5167.368105","3.051815","0.000000"
"09/29/2026 13:01:15.781","2.762685","54.211336","51.158758","5212.934602","5113.968503","3.052578","0.000000"
"09/29/2026 13:01:16.801","9.250011","0.443045","100.000000","4379.358605","5181.446385","3.063291","0.000000"
"09/29/2026 13:01:17.829","4.683378","1.200046","100.000000","4554.599979","5179.403188","4.559998","0.000000"
"09/29/2026 13:01:18.847","0.000000","4.848479","29.403711","4746.306358","5117.095335","6.138808","0.000000"
"09/29/2026 13:01:19.868","6.997079","47.984659","67.872878","5125.970740","5140.192494","4.589589","6.119452"
"09/29/2026 13:01:20.894","7.471509","20.798654","84.768972","4759.239360","5169.563666","1.523103","1.523103"
"09/29/2026 13:01:21.915","1.941933","14.310768","87.758681","4829.657681","5179.269270","1.530165","0.000000"
"09/29/2026 13:01:22.939","9.852862","13.031535","95.422712","5039.027725","5180.885127","9.154575","0.000000"
"09/29/2026 13:01:23.964","3.397949","26.785811","75.595270","5171.076100","5156.581025","1.525296","0.000000"
"09/29/2026 13:01:24.987","5.169101","9.878825","87.780180","5116.001870","5174.169079","7.637388","1.527478"
"09/29/2026 13:01:26.004","7.921474","20.143158","47.785911","5136.779928","5128.566128","4.607125","0.000000"
"09/29/2026 13:01:27.029","7.821824","43.587715","77.130155","5122.448201","5160.247017","1.524656","6.098625"
"09/29/2026 13:01:28.045","1.868848","35.433294","66.179344","5121.102058","5140.656062","4.611908","3.074605"
"09/29/2026 13:01:29.071","10.285115","5.523181","93.904721","4988.441057","5174.775946","1.523820","1.523820"
"09/29/2026 13:01:30.094","0.011743","25.199625","81.681541","5161.666684","5168.996097","4.579615","1.526538"
"09/29/2026 13:01:31.118","5.286547","26.722698","72.521012","5174.367679","5162.832573","3.053221","1.526610"
"09/29/2026 13:01:32.138","8.656113","6.549648","96.936054","4928.801759","5183.537060","3.063946","0.000000"
"09/29/2026 13:01:33.157","2.903829","1.881770","47.874690","4725.126150","5151.448968","3.066195","3.066195"
"09/29/2026 13:01:34.177","3.903339","50.961969","64.753915","5143.749274","5137.549302","9.194631","4.597315"
"09/29/2026 13:01:35.194","3.405377","64.665185","41.620740","5197.815612","5073.611410","1.536296","0.000000"
"09/29/2026 13:01:36.215","7.049525","18.907409","87.759609","5122.130463","5169.350518","3.060098","0.000000"
"09/29/2026 13:01:37.238","6.365027","2.227521","100.000000","4252.008136","5179.560574","3.055390","4.583085"
"09/29/2026 13:01:38.260","4.147066","0.644134","100.000000","4507.288128","5183.075535","3.057104","0.000000"
"09/29/2026 13:01:39.277","2.545633","1.649205","29.310366","4777.767574","5106.148410","4.610194","1.536731"
"09/29/2026 13:01:40.295","8.248102","64.705890","55.498731","5140.318396","5119.140004","7.672633","3.069053"
"09/29/2026 13:01:41.313","4.806080","11.007426","96.931291","4380.568383","5175.762777","3.068709","3.068709"
"09/29/2026 13:01:42.329","7.200460","29.246764","81.542634","4991.901965","5178.524864","10.766797","0.000000"
"09/29/2026 13:01:43.353","5.666904","29.822276","69.487946","5171.348079","5148.511203","6.102411","1.525603"
"09/29/2026 13:01:44.371","6.683122","26.318682","76.974588","5183.505342","5150.464523","4.605082","1.535027"
"09/29/2026 13:01:45.389","8.081577","3.284168","63.155873","4843.127490","5162.936918","9.211032","0.000000"
"09/29/2026 13:01:46.408","3.773410","30.992880","75.464135","5076.640526","5146.076588","10.734441","4.600475"
"09/29/2026 13:01:47.430","5.186418","40.359198","40.359198","5194.146361","5119.155584","4.587754","0.000000"
"09/29/2026 13:01:48.453","9.379847","22.107402","87.781553","5058.655142","5154.275189","18.327670","1.527306"
"09/29/2026 13:01:49.472","1.988988","14.184490","57.092245","5106.954228","5116.882183","4.597259","0.000000"
"09/29/2026 13:01:50.494","8.729424","34.224000","64.817489","5106.929420","5135.663490","3.059349","7.648372"
"09/29/2026 13:01:51.514","4.577613","38.725424","57.107797","5175.837258","5136.759947","4.595593","3.063729"
"09/29/2026 13:01:52.538","5.183534","34.372505","51.160934","5159.215591","5114.238387","6.104883","3.052442"
"09/29/2026 13:01:53.561","7.878764","16.022075","92.365643","5075.288230","5157.705959","7.634357","0.000000"
"09/29/2026 13:01:54.586","4.246041","3.992058","98.476064","4944.996353","5160.754288","1.523936","1.523936"
"09/29/2026 13:01:55.609","5.811599","100.000000","2.247706","5233.403605","4364.346812","4.582139","0.000000"
"09/29/2026 13:01:56.631","2.877475","20.466593","81.646137","5176.640026","5150.887176","3.058977","0.000000"
"09/29/2026 13:01:57.652","5.119372","0.000000","46.438355","4393.494346","5073.255100","73.455970","0.000000"
"09/29/2026 13:01:58.670","5.414698","0.301983","1.835798","3270.346718","3262.008261","102.765649","3.067631"
"09/29/2026 13:01:59.689","6.096039","27.894030","1.813148","3951.702545","3691.047568","69.037630","3.068339"
"09/29/2026 13:02:00.705","0.000640","-1","0.064697","4045.347937","3352.414745","1.537466","0.000000"
"09/29/2026 13:02:01.723","3.134634","12.533458","0.257452","4260.109381","3802.431216","1.534501","0.000000"
"09/29/2026 13:02:02.736","1.745038","-1","0.000000","2048.689441","3914.950630","1.543272","0.000000"
"09/29/2026 13:02:03.750","2.478478","59.938493","33.744431","5195.452447","5066.041789","7.704136","0.000000"
"09/29/2026 13:02:04.771","5.096156","11.278615","100.000000","4980.206044","5161.461938","1.529679","0.000000"
"09/29/2026 13:02:05.785","13.901586","10.560450","90.747633","5122.619005","5155.794845","3.084122","0.000000"
"09/29/2026 13:02:06.808","6.047254","8.400840","96.946695","4954.827747","5161.119693","1.526653","0.000000"
"09/29/2026 13:02:07.832","0.000000","8.465099","100.000000","4886.586353","5159.897260","3.051163","0.000000"
"09/29/2026 13:02:08.852","3.320451","1.915598","55.555505","4735.259114","5122.017166","1.532569","0.000000"
"09/29/2026 13:02:09.870","1.876147","27.846344","3.283398","3921.500000","3773.998202","3.070368","0.000000"
"09/29/2026 13:02:10.884","0.981367","0.000000","4.510872","4038.414868","4288.293923","3.080294","4.620442"
"09/29/2026 13:02:11.900","0.000000","-1","4.661082","4122.794646","3673.440896","0.000000","1.537724"
"09/29/2026 13:02:12.919","2.351304","0.000000","0.306298","2412.081136","3283.837617","6.134997","0.000000"
"09/29/2026 13:02:13.944","6.185645","48.170272","46.645868","5115.950725","5131.328508","4.573211","0.000000"
"09/29/2026 13:02:14.965","4.572776","9.736176","100.000000","4250.247346","5159.387979","7.649477","0.000000"
"09/29/2026 13:02:15.987","4.238192","18.956073","80.121301","4821.538000","5158.480547","3.058261","3.058261"
"09/29/2026 13:02:17.006","7.606069","38.659627","63.195776","5114.553359","5116.108327","1.533509","0.000000"
"09/29/2026 13:02:18.032","3.436251","8.578702","100.000000","4913.760334","5159.305138","6.094753","0.000000"
"09/29/2026 13:02:19.053","4.506351","0.000000","46.452159","4899.512560","5126.356243","1.529938","0.000000"
"09/29/2026 13:02:20.075","6.203461","54.121261","46.474805","5168.573471","5095.123236","10.705039","1.529291"
"09/29/2026 13:02:21.101","8.052183","55.865047","54.343152","5209.285446","5124.743977","3.043790","1.521895"
"09/29/2026 13:02:22.123","2.100061","95.410940","6.689121","5232.429184","4924.048560","4.589060","0.000000"
"09/29/2026 13:02:23.149","7.223508","29.989574","74.126582","5194.160523","5131.594093","3.043932","0.000000"
"09/29/2026 13:02:24.169","5.878077","6.516633","100.000000","4901.509211","5159.989169","4.597543","1.532514"
"09/29/2026 13:02:25.194","1.325700","0.000000","48.153104","4729.388071","5112.836994","6.099635","0.000000"
"09/29/2026 13:02:26.212","11.167004","27.859159","76.976327","5070.653056","5130.797292","6.139646","1.534912"
"09/29/2026 13:02:27.233","3.883616","52.579188","46.460374","5195.259673","5124.079677","3.059407","1.529704"
"09/29/2026 13:02:28.257","7.221990","74.055224","29.796489","5154.648983","5048.123178","6.104653","7.630816"
"09/29/2026 13:02:29.281","3.682612","9.976617","98.474180","5022.783001","5159.826709","1.525820","3.051640"
"09/29/2026 13:02:30.299","0.214559","1.749720","24.777129","4908.450143","5075.833749","4.605482","0.000000"
"09/29/2026 13:02:31.319","12.631980","35.717545","64.797703","5110.117108","5170.825564","4.591604","4.591604"
"09/29/2026 13:02:32.348","0.000000","4.330580","10.404829","4919.035583","4666.159759","1.518562","0.000000"
"09/29/2026 13:02:33.364","0.000000","0.000000","1.506837","3193.569996","4338.293012","1.538956","0.000000"
"09/29/2026 13:02:34.381","6.629708","1.702010","1.702010","2154.220339","2992.760174","1.535906","0.000000"
"09/29/2026 13:02:35.395","0.091957","0.000000","4.458115","2629.112259","3638.981429","1.540998","0.000000"
"09/29/2026 13:02:36.413","0.000000","0.185237","1.720848","2233.585034","3626.128737","1.535612","0.000000"
"09/29/2026 13:02:37.438","13.826606","49.705730","57.326074","5116.708299","5132.401357","4.572206","7.620344"
"09/29/2026 13:02:38.455","0.000000","1.715719","7.858487","4661.404767","4656.875631","1.535692","0.000000"
"09/29/2026 13:02:39.470","0.000000","1.437320","2.977362","4161.499582","3225.050425","6.160168","0.000000"
"09/29/2026 13:02:40.488","1.774068","0.239288","3.308849","4226.590930","4151.677255","1.534780","0.000000"
"09/29/2026 13:02:41.502","0.000000","1.437844","1.437844","4262.036560","3829.161840","1.540034","1.540034"
"09/29/2026 13:02:42.516","0.000000","0.000000","2.848907","3506.698844","3295.636826","1.542081","0.000000"
"09/29/2026 13:02:43.536","7.872654","47.939119","63.251143","5133.720281","5144.909744","1.531202","0.000000"
"09/29/2026 13:02:44.551","4.769753","3.038286","3.038286","3966.883328","4031.464669","1.539075","0.000000"
"09/29/2026 13:02:45.574","0.000000","37.328077","74.014081","5127.237533","5150.806664","6.114334","3.057167"
"09/29/2026 13:02:46.592","17.313820","43.257087","69.328155","5097.447426","5158.327573","10.735146","3.067184"
"09/29/2026 13:02:47.619","0.000000","5.654157","4.132450","4920.460009","4730.810782","4.565121","1.521707"
"09/29/2026 13:02:48.633","0.000000","0.000000","0.000000","3716.489290","3801.150791","1.541157","0.000000"
"09/29/2026 13:02:49.648","3.101876","1.498668","9.194085","4004.162908","4456.663355","1.539083","0.000000"
"09/29/2026 13:02:50.662","7.330618","0.000000","2.899439","3606.579194","4036.759532","1.541279","1.541279"
"09/29/2026 13:02:51.674","0.000000","0.000000","1.164548","2842.709624","3635.287582","1.544304","1.544304"
"09/29/2026 13:02:52.694","10.043909","40.242085","57.096882","5128.237543","5163.396617","3.064508","0.000000"
"09/29/2026 13:02:53.721","0.000000","2.699249","7.260222","4884.720222","4905.705456","3.040648","0.000000"
"09/29/2026 13:02:54.746","5.308344","61.869132","64.919602","5144.299896","5160.028668","7.626174","1.525235"
"09/29/2026 13:02:55.763","4.965808","15.525165","37.027850","5051.153046","5129.406659","12.287249","0.000000"
"09/29/2026 13:02:56.782","7.897687","54.012716","64.743082","5131.818042","5148.483898","3.065819","3.065819"
"09/29/2026 13:02:57.800","3.429539","14.045893","33.999525","5035.450518","5090.262227","29.163001","0.000000"
"09/29/2026 13:02:58.821","10.107371","51.037203","57.157553","5116.237600","5102.359669","104.045943","7.650437"
"09/29/2026 13:02:59.839","5.596766","9.434296","6.364272","5032.361472","4419.032894","89.030692","0.000000"
"09/29/2026 13:03:00.854","2.034729","1.457338","0.000000","3661.985030","3532.583091","32.334311","1.539729"
"09/29/2026 13:03:01.873","1.396737","3.440325","3.440325","4532.258989","4352.502983","4.598080","0.000000"
"09/29/2026 13:03:02.889","4.071618","0.101283","1.638186","2365.180924","3761.351375","4.610710","1.536903"
"09/29/2026 13:03:03.908","1.384047","0.168145","1.704020","3114.698122","3722.443842","4.607624","0.000000"
"09/29/2026 13:03:04.915","4.049524","56.579988","50.377129","5154.895966","5133.517711","7.753574","0.000000"
"09/29/2026 13:03:05.934","4.111389","7.946934","1.810063","5083.803286","3675.300713","7.671089","3.068436"
"09/29/2026 13:03:06.957","4.155266","57.261008","61.840186","5138.381089","5141.337350","9.158355","6.105570"
"09/29/2026 13:03:07.971","6.295266","5.974140","1.349918","4900.921684","4220.071355","3.082815","4.624223"
"09/29/2026 13:03:08.981","9.602027","53.609020","72.165412","5101.941948","5131.348007","12.370928","3.092732"
"09/29/2026 13:03:10.006","9.729001","31.343187","81.691516","5051.156012","5146.431756","4.577121","0.000000"
"09/29/2026 13:03:11.025","8.713595","14.203549","95.403762","4991.262664","5161.892574","3.064159","10.724556"
"09/29/2026 13:03:12.047","6.460104","20.478347","84.707375","5133.340322","5189.836385","9.175575","1.529263"
"09/29/2026 13:03:13.061","5.428465","13.710691","89.213836","5132.488002","5190.309212","6.163522","0.000000"
"09/29/2026 13:03:14.076","5.223475","15.297897","9.137744","5173.757938","4809.423561","1.540038","1.540038"
"09/29/2026 13:03:15.095","5.757417","57.063716","60.130593","5151.183633","5140.893772","7.667194","3.066877"
"09/29/2026 13:03:16.112","5.634254","33.975969","67.755706","5177.793966","5175.855974","1.535443","0.000000"
"09/29/2026 13:03:17.133","7.755005","37.227469","72.441328","5210.066087","5196.032528","1.531037","0.000000"
"09/29/2026 13:03:18.150","8.638706","26.296771","70.825805","5212.571820","5190.551877","1.535484","0.000000"
"09/29/2026 13:03:19.170","0.000000","34.109689","64.756345","5197.646534","5162.657174","4.596998","0.000000"
"09/29/2026 13:03:20.182","2.686570","12.012705","2.750884","5151.153606","4327.868450","4.630910","1.543637"
"09/29/2026 13:03:21.202","9.306598","44.856369","73.959952","5116.547764","5150.172494","15.317675","4.595303"
"09/29/2026 13:03:22.216","3.997322","47.634907","59.956105","5181.504795","5124.541156","6.160599","0.000000"
"09/29/2026 13:03:23.236","10.651934","41.754514","61.680601","5194.838015","5142.176884","1.532776","0.000000"
"09/29/2026 13:03:24.255","0.000000","4.896829","100.000000","4354.999393","5201.820650","1.533922","0.000000"
"09/29/2026 13:03:25.278","6.049338","0.769777","98.473381","4883.484268","5198.963116","4.579856","0.000000"
"09/29/2026 13:03:26.297","5.780917","3.351929","41.704338","4870.442267","5145.082163","1.534096","3.068193"
"09/29/2026 13:03:27.320","2.916247","54.193774","69.462516","5144.472951","5146.453036","6.107497","4.580623"
"09/29/2026 13:03:28.341","6.743421","31.110050","75.505796","5126.693178","5142.723010","4.592663","1.530888"
"09/29/2026 13:03:29.364","3.307749","16.030419","87.786243","5103.976561","5193.691153","4.580159","0.000000"
"09/29/2026 13:03:30.387","8.745621","14.413199","86.244978","5117.440699","5193.986552","3.056671","0.000000"
"09/29/2026 13:03:31.408","1.844931","14.281731","89.285216","5128.210689","5194.121905","1.530683","1.530683"
"09/29/2026 13:03:32.426","5.106984","0.314410","100.000000","4046.754569","5198.707055","1.533624","0.000000"
"09/29/2026 13:03:33.446","5.857690","1.897835","54.014610","4787.477019","5172.683905","4.598539","1.532846"
"09/29/2026 13:03:34.460","3.977427","38.381235","79.973901","5045.200943","5167.429935","13.864222","3.080938"
"09/29/2026 13:03:35.481","12.418444","28.098989","77.052869","5061.680056","5171.425296","6.119235","0.000000"
"09/29/2026 13:03:36.505","2.896366","14.533538","90.842879","5058.036777","5192.261585","1.526187","0.000000"
"09/29/2026 13:03:37.526","2.537848","11.212493","93.876724","4977.855835","5189.310485","3.061638","0.000000"
"09/29/2026 13:03:38.547","10.301194","25.027861","77.049345","5177.519267","5181.195104","3.060087","0.000000"
"09/29/2026 13:03:39.567","1.804106","5.058158","98.468680","4759.887155","5197.068092","3.062640","0.000000"
"09/29/2026 13:03:40.586","1.467496","17.186693","43.257549","5125.227604","5146.032847","4.600739","1.533580"
"09/29/2026 13:03:41.609","7.436365","57.219559","63.331050","5154.320829","5125.278468","7.639364","3.055746"
"09/29/2026 13:03:42.630","7.259151","41.869652","63.286096","5180.836995","5146.882676","1.529746","1.529746"
"09/29/2026 13:03:43.652","3.748841","6.742750","100.000000","4737.567957","5192.839846","3.057615","0.000000"
"09/29/2026 13:03:44.673","10.486685","21.907133","80.093975","5160.025854","5174.131453","6.124931","0.000000"
"09/29/2026 13:03:45.695","4.733831","15.885390","84.706435","5154.360926","5187.625543","1.529357","0.000000"
"09/29/2026 13:03:46.711","0.000000","4.715470","50.820888","4811.084485","5164.136989","6.147389","1.536847"
"09/29/2026 13:03:47.723","8.491965","39.766866","72.200092","5128.067384","5146.909769","10.811075","9.266636"
"09/29/2026 13:03:48.745","2.965345","12.840830","90.825350","5001.427903","5183.436624","3.058217","0.000000"
"09/29/2026 13:03:49.767","5.243527","8.300188","100.000000","4743.154900","5195.464599","3.056660","0.000000"
"09/29/2026 13:03:50.790","7.215785","38.907516","61.817197","5183.631433","5161.531960","0.000000","1.527312"
"09/29/2026 13:03:51.808","9.111074","21.711438","78.509022","5184.629090","5173.294935","3.070140","0.000000"
"09/29/2026 13:03:52.822","0.000000","9.073092","55.307113","4854.885723","5176.676089","6.164536","0.000000"
"09/29/2026 13:03:53.842","8.774575","52.504046","52.504046","5168.641892","5114.872325","6.128510","4.596383"
"09/29/2026 13:03:54.858","7.533560","23.104838","47.711290","5146.426728","5115.407049","4.613710","1.537903"
"09/29/2026 13:03:55.878","3.743533","54.072458","54.072458","5166.233012","5112.087086","1.530918","1.530918"
"09/29/2026 13:03:56.899","4.163816","40.277852","34.152503","5193.313269","5083.565022","1.531337","0.000000"
"09/29/2026 13:03:57.919","7.961110","54.076228","54.076228","5162.459792","5131.469623","16.838716","4.592377"
"09/29/2026 13:03:58.933","6.177004","21.396753","52.221556","5134.374947","5119.107300","84.768207","1.541240"
"09/29/2026 13:03:59.959","6.811659","0.000000","1.038929","3858.679279","3208.756907","103.528505","1.522478"
"09/29/2026 13:04:00.978","4.745118","3.338671","3.338671","4162.693638","4462.980025","58.303659","1.534307"
"09/29/2026 13:04:01.997","0.000000","1.841657","1.841657","4248.452170","3545.914860","3.067448","0.000000"
"09/29/2026 13:04:03.023","3.855364","1.064890","4.109047","3599.351562","4244.203287","4.566236","0.000000"
"09/29/2026 13:04:04.051","0.000000","0.000000","1.172348","3127.452504","3286.921528","4.561276","0.000000"
"09/29/2026 13:04:05.071","6.242374","40.260627","70.896203","5123.614616","5148.050385","9.190673","4.595336"
"09/29/2026 13:04:06.086","4.331023","9.204245","66.143956","5053.686715","5145.075576","4.616733","1.538911"
"09/29/2026 13:04:07.111","12.120783","46.624335","51.199392","5146.142281","5118.682902","6.100076","3.050038"
"09/29/2026 13:04:08.137","1.884041","13.180702","93.907418","5071.896465","5158.299451","6.092582","0.000000"
"09/29/2026 13:04:09.160","3.614212","2.278179","100.000000","4911.691304","5160.963352","3.053807","0.000000"
"09/29/2026 13:04:10.186","4.595061","90.859407","13.164365","5224.402024","4928.032615","4.570297","0.000000"
"09/29/2026 13:04:11.212","6.008070","22.371034","83.256498","5164.504654","5157.554141","1.522137","0.000000"
"09/29/2026 13:04:12.232","3.508379","0.445153","54.051609","4867.346759","5131.117148","6.126452","4.594839"
"09/29/2026 13:04:13.244","6.862824","45.932807","52.111915","5146.264646","5119.947133","7.723885","1.544777"
"09/29/2026 13:04:14.267","7.423926","46.554023","63.351330","5172.794465","5077.948464","6.108112","3.054056"
"09/29/2026 13:04:15.287","5.650482","43.313681","60.166371","5207.115366","5151.468833","1.532063","0.000000"
"09/29/2026 13:04:16.308","10.722340","2.049660","100.000000","4787.074405","5159.986622","4.591422","0.000000"
"09/29/2026 13:04:17.329","1.017503","6.690035","98.470328","4943.143021","5160.203273","1.529672","1.529672"
"09/29/2026 13:04:18.349","1.966499","3.435399","41.754685","4847.544625","5127.787147","3.065543","0.000000"
"09/29/2026 13:04:19.367","6.385709","40.189098","63.193291","5166.084406","5134.721038","4.600839","0.000000"
"09/29/2026 13:04:20.385","4.846223","10.925309","66.213048","5017.565363","5141.009001","7.678853","3.071541"
"09/29/2026 13:04:21.402","7.033017","44.718879","57.003573","5077.135510","5129.719870","4.606760","4.606760"
"09/29/2026 13:04:22.426","4.256923","60.303202","46.562003","5144.932450","5113.557352","4.580400","0.000000"
"09/29/2026 13:04:23.441","4.880021","32.267905","7.638052","5198.435105","4543.276376","1.539366","0.000000"
"09/29/2026 13:04:24.466","6.188510","64.939780","45.123134","5154.344688","5106.724587","12.194859","3.048715"
"09/29/2026 13:04:25.482","2.609981","13.999877","4.785578","5091.905026","4551.093149","9.214299","3.071433"
"09/29/2026 13:04:26.505","7.831173","54.138525","63.310820","5135.939314","5152.973294","10.701011","1.528716"
"09/29/2026 13:04:27.519","1.493280","1.429110","2.969280","4385.963823","4297.610352","1.540170","0.000000"
"09/29/2026 13:04:28.541","6.438017","58.672007","60.202673","5141.671829","5135.699040","12.245331","1.530666"
"09/29/2026 13:04:29.564","6.252759","54.176503","58.758852","5124.501564","5130.216736","6.109800","6.109800"
"09/29/2026 13:04:30.579","2.773623","21.552349","36.934242","5056.940027","5161.824940","1.538189","1.538189"
"09/29/2026 13:04:31.599","7.900674","50.982478","64.768656","5141.717125","5151.177953","4.595393","3.063595"
"09/29/2026 13:04:32.614","3.663288","21.441620","26.062701","5142.098030","5081.608219","0.000000","0.000000"
"09/29/2026 13:04:33.633","3.081114","46.333642","70.866834","5093.468085","5158.218259","6.133298","4.599974"
"09/29/2026 13:04:34.654","7.317179","58.694314","57.164474","5141.796777","5141.418028","7.649201","4.589521"
"09/29/2026 13:04:35.681","8.338788","25.453948","5.676424","5075.390600","4740.262799","9.128088","4.564044"
"09/29/2026 13:04:36.700","0.419680","15.685685","70.873237","5093.474126","5163.546307","12.263900","4.598963"
"09/29/2026 13:04:37.724","7.679607","29.757602","77.094870","5128.807102","5171.685083","4.581026","1.527009"
"09/29/2026 13:04:38.749","3.983339","3.983339","100.000000","4768.217874","5199.200877","4.572222","0.000000"
"09/29/2026 13:04:39.771","6.126367","0.581899","100.000000","4397.342476","5199.955041","1.529509","0.000000"
"09/29/2026 13:04:40.788","7.431447","61.616357","40.121517","5208.233121","5085.164478","1.535346","1.535346"
"09/29/2026 13:04:41.808","1.379643","20.337733","6.550033","5185.635959","4772.014043","3.063933","0.000000"
"09/29/2026 13:04:42.831","4.097452","32.798215","78.617614","5104.412537","5163.485307","9.163880","6.109253"
"09/29/2026 13:04:43.851","5.968343","24.927877","78.550822","5124.927508","5160.083508","0.000000","0.000000"
"09/29/2026 13:04:44.875","5.587845","5.397115","100.000000","4792.022475","5195.267742","3.051706","1.525853"
"09/29/2026 13:04:45.897","8.416648","25.102904","74.015293","4966.785375","5187.298060","1.528512","0.000000"
"09/29/2026 13:04:46.920","7.412183","40.397390","61.793199","5195.439191","5189.963080","6.113088","0.000000"
"09/29/2026 13:04:47.939","0.000000","9.619628","6.555887","5162.459726","4462.815813","6.127483","3.063741"
"09/29/2026 13:04:48.964","6.699926","34.410298","77.119871","5107.614238","5181.221155","7.626710","3.050684"
"09/29/2026 13:04:49.988","6.363326","19.140634","86.269164","5060.772838","5192.001852","1.525648","0.000000"
"09/29/2026 13:04:51.005","4.577693","40.056861","61.574911","5186.118485","5147.408735","1.537004","1.537004"
"09/29/2026 13:04:52.022","9.636258","6.308411","95.392217","5050.142981","5201.153946","1.535928","0.000000"
"09/29/2026 13:04:53.045","5.727835","0.699137","100.000000","4874.299726","5201.082025","4.583117","0.000000"
"09/29/2026 13:04:54.068","0.051939","5.332458","29.762791","4595.241582","5122.407439","1.526896","1.526896"
"09/29/2026 13:04:55.091","4.059912","38.883554","77.081333","5107.623501","5156.489051","6.111645","1.527911"
"09/29/2026 13:04:56.105","10.971816","61.487448","43.001423","5193.723382","5072.572331","6.162008","0.000000"
"09/29/2026 13:04:57.133","2.258075","7.262361","93.918843","4970.804783","5194.371908","6.081157","3.040578"
"09/29/2026 13:04:58.154","7.083246","14.348337","93.882024","5079.112388","5195.348697","12.235952","0.000000"
"09/29/2026 13:04:59.178","7.353235","19.116894","83.212940","5129.199660","5161.783265","51.887276","0.000000"
"09/29/2026 13:05:00.197","8.496746","17.187002","86.197834","5057.050246","5160.569035","107.350182","0.000000"
"09/29/2026 13:05:01.210","7.667697","18.269530","46.027048","5084.153847","5109.292442","75.562133","1.542084"
"09/29/2026 13:05:02.238","0.711006","0.000000","0.000000","3818.015837","2979.824344","21.289790","0.000000"
"09/29/2026 13:05:03.253","2.859163","0.000000","1.447597","3299.078652","3887.147264","1.539881","0.000000"
"09/29/2026 13:05:04.266","0.000000","0.000000","1.338744","3232.753094","3947.968385","1.541582","0.000000"
"09/29/2026 13:05:05.284","1.855906","6.395474","1.791972","2889.192162","3838.087430","1.534500","0.000000"
"09/29/2026 13:05:06.306","8.636685","26.552310","78.577757","5094.557625","5165.989337","9.180961","6.120641"
"09/29/2026 13:05:07.321","11.277288","19.995699","83.076013","5088.306643","5188.288210","4.615633","0.000000"
"09/29/2026 13:05:08.344","4.373027","20.544300","80.136075","5132.798962","5193.254693","4.583983","0.000000"
"09/29/2026 13:05:09.363","0.239912","9.564480","93.868778","5023.391148","5194.089707","1.532805","0.000000"
"09/29/2026 13:05:10.382","0.000000","6.424716","93.863916","5024.873181","5191.675134","3.068042","0.000000"
"09/29/2026 13:05:11.397","11.990161","3.080206","100.000000","4206.219834","5187.489863","3.076819","1.538409"
"09/29/2026 13:05:12.413","0.914911","1.555822","52.316101","4989.201224","5160.615622","4.614571","3.076381"
"09/29/2026 13:05:13.435","2.034159","58.724406","57.195680","5143.976298","5123.121303","9.172354","1.528726"
"09/29/2026 13:05:14.460","8.020157","2.430229","100.000000","4657.208925","5191.291140","3.049055","0.000000"
"09/29/2026 13:05:15.480","4.805283","14.190675","87.741525","5064.782201","5182.830388","3.064619","0.000000"
"09/29/2026 13:05:16.502","3.251453","3.697300","100.000000","4620.478004","5189.972290","1.528614","0.000000"
"09/29/2026 13:05:17.520","6.275320","11.006308","90.793756","5110.390080","5187.268931","1.534374","0.000000"
"09/29/2026 13:05:18.540","5.999095","8.042590","93.869506","5049.618473","5187.905163","3.065247","0.000000"
"09/29/2026 13:05:19.566","0.827730","5.586474","57.361633","4870.687418","5165.795601","3.045598","0.000000"
"09/29/2026 13:05:20.583","8.112009","38.570700","80.035478","5084.707149","5154.202598","1.535732","3.071465"
"09/29/2026 13:05:21.598","11.592895","59.966598","46.108881","5194.295629","5136.444528","1.539746","0.000000"
"09/29/2026 13:05:22.617","0.000000","18.692989","89.261338","5115.035098","5176.914866","1.534095","0.000000"
"09/29/2026 13:05:23.641","5.485498","25.252825","81.694569","5186.956300","5186.533651","3.050905","0.000000"
"09/29/2026 13:05:24.660","9.344993","0.336987","100.000000","4529.922036","5185.965806","3.066554","0.000000"
"09/29/2026 13:05:25.677","0.000000","4.774272","37.028147","4994.744755","5122.510599","3.071798","0.000000"
"09/29/2026 13:05:26.699","8.621532","35.767440","72.471760","5055.485305","5155.231143","3.058693","4.588040"
"09/29/2026 13:05:27.721","3.579790","17.463283","90.829254","4969.252781","5175.999450","6.113831","1.528458"
"09/29/2026 13:05:28.744","6.933839","14.445333","93.888952","5006.078750","5174.663180","3.055524","0.000000"
"09/29/2026 13:05:29.763","10.731822","38.699961","64.752477","5191.685809","5139.566261","3.065002","1.532501"
"09/29/2026 13:05:30.785","1.102729","57.178503","40.355772","5206.078068","5058.116273","1.529339","1.529339"
"09/29/2026 13:05:31.810","4.815118","8.500512","61.875213","5075.948275","5174.947212","4.574974","0.000000"
