"(PDH-CSV 4.0)","\\OUMUAMUA\Processor(_Total)\% Processor Time","\\OUMUAMUA\Processor(10)\% Processor Time","\\OUMUAMUA\Processor(11)\% Processor Time","\\OUMUAMUA\Processor(12)\% Processor Time","\\OUMUAMUA\Processor(13)\% Processor Time","\\OUMUAMUA\Processor Information(0,10)\Actual Frequency","\\OUMUAMUA\Processor Information(0,11)\Actual Frequency","\\OUMUAMUA\Processor Information(0,12)\Actual Frequency","\\OUMUAMUA\Processor Information(0,13)\Actual Frequency"
"09/29/2026 11:47:35.107","14.686053","82.988759","45.873323","44.326846","7.211410","3966.245107","4323.877035","3888.309522","4397.176681"
"09/29/2026 11:47:36.113","17.420472","65.802359","62.693483","28.495842","3.624831","4127.613281","3624.364709","4427.402388","4078.048211"
"09/29/2026 11:47:37.118","7.251250","78.252912","34.758736","16.118375","3.691468","4166.136432","4023.947041","4027.165337","4614.272923"
"09/29/2026 11:47:38.121","8.252913","78.183281","12.733125","26.758158","1.824765","4265.323141","4470.611033","3995.493267","4578.455046"
"09/29/2026 11:47:39.126","9.499044","44.028041","42.473264","56.466254","9.822954","4206.648169","4088.701062","3857.200396","4473.058427"
"09/29/2026 11:47:40.132","5.458398","82.916508","23.900807","19.241673","0.000000","4181.444241","4651.963853","4448.700740","4095.438330"
"09/29/2026 11:47:41.134","8.289211","93.764705","28.294111","15.823522","8.029403","4143.853405","4527.251675","4203.149009","4661.217864"
"09/29/2026 11:47:42.147","8.700437","22.845442","10.500713","86.112180","0.000000","4308.118472","4165.835751","3705.358657","4166.009574"
"09/29/2026 11:47:43.149","6.590018","100.000000","8.019098","3.342103","0.224107","4201.794485","4023.101567","4094.437327","2216.510199"
"09/29/2026 11:47:44.150","5.099484","53.167669","1.652105","48.484436","1.652105","4211.752898","3878.874531","3803.681313","2406.738508"
"09/29/2026 11:47:45.151","4.729227","57.859756","4.794264","43.813008","3.233514","4255.639691","4281.180602","3805.926860","2274.274943"
"09/29/2026 11:47:46.159","6.673422","96.897731","6.931938","3.829669","6.931938","4240.546879","4037.192929","4103.937655","3670.046999"
"09/29/2026 11:47:47.168","8.902174","89.161166","13.289327","17.934542","0.000000","4250.333700","4423.385896","4360.371373","4630.380025"
"09/29/2026 11:47:48.175","9.475490","100.000000","13.158493","13.158493","5.404787","4136.024034","4502.442620","4560.583358","2652.442054"
"09/29/2026 11:47:49.177","8.416357","100.000000","11.081317","14.201271","0.161479","4088.639871","4375.854984","4348.814677","4628.620557"
"09/29/2026 11:47:50.186","5.545852","96.903143","7.094281","8.642709","0.000000","4176.031386","4262.501532","4211.987664","2328.300000"
"09/29/2026 11:47:51.197","8.130344","100.000000","8.774600","8.774600","25.782725","4193.637784","4171.598600","4537.295460","3825.752088"
"09/29/2026 11:47:52.197","5.673487","73.458470","17.252879","18.814145","0.000000","4204.352311","4087.374709","3959.614583","4080.182309"
"09/29/2026 11:47:53.203","3.495362","2.136139","6.796323","100.000000","3.689533","4265.395837","4135.673328","3743.564386","2118.118609"
"09/29/2026 11:47:54.208","8.831028","45.570761","19.133702","59.566851","-1","4276.582219","4366.100580","3882.357942","4487.509004"
"09/29/2026 11:47:55.213","7.173104","92.226638","16.047691","8.274330","3.610312","4167.260803","4265.207032","4305.002810","4544.840257"
"09/29/2026 11:47:56.214","11.923912","48.481348","59.409547","21.941436","11.013237","4386.741966","4101.247517","4262.432035","4603.056493"
"09/29/2026 11:47:57.220","5.443333","44.081474","50.294643","34.761719","0.000000","4209.559323","3903.740913","3911.267601","4616.195930"
"09/29/2026 11:47:58.234","6.209218","67.645070","10.638764","41.452984","2.935210","4165.781773","4294.776831","3809.304986","3670.680452"
"09/29/2026 11:47:59.236","5.899237","79.738138","25.186973","20.511159","6.483716","4406.060751","4441.185929","4165.097238","4443.160914"
"09/29/2026 11:48:00.241","9.937053","81.339475","31.578076","40.908339","8.252420","4359.743170","4572.267518","3995.599091","4435.161977"
"09/29/2026 11:48:01.242","8.381540","67.204757","51.587974","28.162801","9.422662","4338.477635","4139.901616","4229.153033","4022.214732"
"09/29/2026 11:48:02.244","11.828095","71.951203","45.460672","37.669340","11.178809","4369.989548","4209.706978","4219.964500","4176.914868"
"09/29/2026 11:48:03.246","7.514384","89.081108","14.208706","6.409497","0.170130","4355.609851","4239.068732","4430.328508","3177.504322"
"09/29/2026 11:48:04.253","5.241721","68.952921","33.248779","50.324673","13.068178","4341.152993","4357.110764","3867.572616","4406.094420"
"09/29/2026 11:48:05.254","11.012075","64.118819","34.477844","46.958254","9.517022","4388.382122","4405.242259","3939.028317","4390.997744"
"09/29/2026 11:48:06.260","7.666138","56.487829","54.933823","26.961713","6.759633","4377.695490","4271.679576","4313.713386","4307.908082"
"09/29/2026 11:48:07.266","7.668831","86.024154","28.567900","27.015029","6.827696","4389.817695","4499.502714","4117.228401","4476.145651"
"09/29/2026 11:48:08.270","7.300138","14.371013","100.000000","8.143450","23.712357","4362.076315","3953.182922","4252.918525","3688.275356"
"09/29/2026 11:48:09.276","8.895059","41.030726","65.859894","13.097912","5.338797","4325.820955","3999.315203","4336.274641","3853.028897"
"09/29/2026 11:48:10.287","3.905596","24.207236","11.832907","82.985298","-1","4463.644975","4335.253493","3879.559294","2543.407555"
"09/29/2026 11:48:11.296","8.397617","100.000000","4.011017","7.107436","4.011017","4343.403553","4214.093230","4432.335707","3857.681745"
"09/29/2026 11:48:12.302","6.237054","100.000000","5.331765","2.227888","2.227888","4364.249830","4052.213722","4143.489469","3445.790404"
"09/29/2026 11:48:13.310","3.342643","72.069577","36.380704","3.795211","0.000000","4385.192809","4105.834471","4045.295810","2105.539631"
"09/29/2026 11:48:14.318","9.846919","31.852796","81.414399","28.755196","25.657596","4496.733511","4065.432946","4302.635249","4229.868716"
"09/29/2026 11:48:15.322","7.365623","23.712866","79.760556","6.587183","-1","4281.636381","3970.826219","4370.796768","3518.676018"
"09/29/2026 11:48:16.329","4.784380","100.000000","13.123012","5.366138","0.000000","4375.275795","4598.435688","4219.760712","2298.732932"
"09/29/2026 11:48:17.335","8.881087","100.000000","5.189710","3.635443","5.189710","4313.872545","3977.761547","4173.262785","3946.580609"
"09/29/2026 11:48:18.342","10.851913","100.000000","3.805394","3.805394","0.000000","4293.860869","4032.024799","4613.446181","3703.011407"
"09/29/2026 11:48:19.349","5.708720","87.591552","5.385584","19.345088","0.000000","4358.406616","4112.451907","3866.092799","2747.001674"
"09/29/2026 11:48:20.360","9.188677","58.265437","25.805221","56.719712","14.985149","4366.613841","4524.656471","3895.659829","4373.102772"
"09/29/2026 11:48:21.371","6.274290","100.000000","7.240532","5.694541","8.786523","4355.226632","4084.765162","4384.974019","1983.326063"
"09/29/2026 11:48:22.375","7.746957","100.000000","9.820056","6.710403","0.000000","4361.184442","4076.768523","4283.509315","3923.801307"
"09/29/2026 11:48:23.378","6.975854","96.884048","11.195371","9.637395","0.000000","4380.286343","3996.304103","4235.346343","3627.997097"
"09/29/2026 11:48:24.386","3.577949","72.081552","30.203880","3.836456","0.000000","4374.691882","4100.360036","4234.886850","2158.207234"
"09/29/2026 11:48:25.393","5.096994","72.091151","5.420013","27.126895","2.319029","4384.024521","4053.136850","3980.199530","3513.931207"
"09/29/2026 11:48:26.401","7.496039","64.317129","20.877113","44.148550","2.259963","4488.860828","4295.058929","4023.895385","4333.983540"
"09/29/2026 11:48:27.405","7.021080","20.637244","12.856582","95.331603","3.519787","4521.489023","4500.230156","3820.246393","3661.936945"
"09/29/2026 11:48:28.409","7.649482","33.071813","9.724771","73.540019","0.385955","4352.708989","3954.466241","3910.193633","3950.114626"
"09/29/2026 11:48:29.410","6.388040","100.000000","14.189037","9.508439","0.000000","4341.142146","4090.053412","4197.512302","3201.295002"
"09/29/2026 11:48:30.416","6.491311","90.681487","11.474126","14.580297","0.602528","4321.664704","4529.787703","4127.685921","3691.548684"
"09/29/2026 11:48:31.421","7.468830","68.897086","5.136111","37.794171","5.136111","4367.576298","3832.793380","3948.633543","2768.939090"
"09/29/2026 11:48:32.427","4.450927","82.909922","12.995966","14.549610","3.674106","4392.207343","4204.889006","3936.600176","4017.408063"
"09/29/2026 11:48:33.427","3.787499","40.632071","67.191408","6.261164","0.000000","4357.760962","4078.867405","4059.562674","2297.176520"
"09/29/2026 11:48:34.429","8.860460","73.496129","34.519849","36.078900","9.575029","4493.579573","4226.058082","4128.643375","4359.006887"
"09/29/2026 11:48:35.434","7.709517","84.456338","14.509861","20.727326","6.738031","4345.590934","4417.677754","4097.492251","3730.487805"
"09/29/2026 11:48:36.442","5.275454","100.000000","16.259884","2.303198","2.303198","4365.727476","4296.961841","4447.744667","3874.462543"
"09/29/2026 11:48:37.457","8.297639","87.687515","9.195426","12.273548","38.437577","4379.119514","4169.212127","4108.120196","2782.485050"
"09/29/2026 11:48:38.464","5.333194","89.136596","13.092768","6.885109","-1","4396.791038","4228.399907","4438.176124","3356.250498"
"09/29/2026 11:48:39.466","7.639841","100.000000","8.029541","6.470720","1.794256","4387.796749","3989.242286","4338.363696","2167.886159"
"09/29/2026 11:48:40.470","3.668999","100.000000","14.430074","1.983540","0.427723","4375.355873","4294.285662","4348.142210","3358.064681"
"09/29/2026 11:48:41.476","7.198008","90.680971","13.022396","6.809710","0.000000","4405.387526","4144.931131","4092.517505","2690.821865"
"09/29/2026 11:48:42.483","6.187092","48.758742","23.914495","51.864273","8.386841","4423.516686","4278.747873","4065.644529","4519.661633"
"09/29/2026 11:48:43.487","6.605706","100.000000","9.781506","6.670524","22.225437","4355.916923","4401.312369","4092.171679","1981.707989"
"09/29/2026 11:48:44.490","6.990779","100.000000","8.029982","6.471168","-1","4336.262045","4220.728027","4255.964484","3662.978486"
"09/29/2026 11:48:45.503","6.561351","96.917488","7.524643","2.900875","24.478459","4373.790967","4258.275912","4060.363901","3732.858216"
"09/29/2026 11:48:46.506","3.931456","100.000000","4.905779","4.905779","-1","4380.000378","3896.283172","3853.436882","2325.805921"
"09/29/2026 11:48:47.508","7.539426","100.000000","3.315999","3.315999","7.994257","4387.669579","3914.708730","3954.211601","3667.698297"
"09/29/2026 11:48:48.509","4.284171","92.197079","14.167868","11.046699","-1","4458.944246","4592.257535","4371.745049","4741.809630"
"09/29/2026 11:48:49.518","10.489343","65.949835","50.472488","38.090609","27.256466","4285.127968","4278.850962","4069.313681","4514.505097"
"09/29/2026 11:48:50.520","6.600437","79.721181","28.244179","14.204997","-1","4375.943160","4323.460179","4227.289340","3892.642381"
"09/29/2026 11:48:51.524","6.709702","82.872991","15.921955","14.364954","15.921955","4344.524097","4271.488032","4234.953401","2837.620047"
"09/29/2026 11:48:52.530","6.221312","90.680379","2.143980","14.570141","0.000000","4384.204317","3764.830592","3994.381260","3503.658665"
"09/29/2026 11:48:53.534","2.972665","92.222258","17.555934","9.778192","-1","4385.582364","4233.237986","3879.509826","3664.232454"
"09/29/2026 11:48:54.535","8.321817","90.637121","4.810732","15.734091","17.294570","4397.054417","4142.792100","4048.253543","2723.599099"
"09/29/2026 11:48:55.541","4.386006","76.695304","17.656741","28.532266","-1","4351.252840","4628.858915","4227.230137","4695.333494"
"09/29/2026 11:48:56.547","9.532747","78.256796","16.133358","31.664217","3.708670","4267.152888","4289.344017","3859.743906","4645.093131"
"09/29/2026 11:48:57.553","9.667388","90.682023","28.562178","17.691205","6.820232","4264.084151","4555.119279","4338.870754","4622.151439"
"09/29/2026 11:48:58.559","8.268828","78.248641","28.531250","3.672554","6.779891","4260.731509","4081.360351","4288.727187","4020.438013"
"09/29/2026 11:48:59.571","4.701514","90.740229","16.662057","15.118762","8.945581","4320.749000","4561.752991","4425.809457","4735.063504"
"09/29/2026 11:49:00.581","8.607323","79.876841","17.959428","28.794975","0.000000","4197.851078","4385.641935","4006.893408","4044.102744"
"09/29/2026 11:49:01.589","11.568637","87.597647","17.834414","22.485297","17.834414","4253.907949","4335.062820","4496.685317","4621.410879"
"09/29/2026 11:49:02.594","5.952259","98.446562","6.793700","13.007454","0.000000","4262.869186","4274.396044","4306.600411","4733.621070"
"09/29/2026 11:49:03.602","5.018718","100.000000","11.609261","2.304972","0.000000","4273.954959","4035.526064","4200.535681","2054.478599"
"09/29/2026 11:49:04.607","7.214328","72.008790","6.695965","30.021974","16.026369","4290.802015","3822.413203","3904.509752","3852.125352"
"09/29/2026 11:49:05.610","8.184384","53.281102","5.004907","51.723805","-1","4295.192984","4131.641246","3837.499109","2525.069472"
"09/29/2026 11:49:06.613","5.337458","87.534150","22.088439","8.064358","0.000000","4314.072998","4138.870258","4280.330324","4050.281150"
"09/29/2026 11:49:07.620","6.740784","92.239178","11.526626","13.078791","3.765804","4377.972374","4378.499539","4413.990880","4720.264530"
"09/29/2026 11:49:08.629","7.433042","100.000000","14.851301","8.658668","13.303142","4238.906649","4137.962127","4444.410164","2838.654450"
"09/29/2026 11:49:09.634","5.780304","100.000000","8.305778","3.643360","-1","4262.977333","4355.988897","4228.828473","4721.325469"
"09/29/2026 11:49:10.641","8.407403","96.895166","17.721904","2.197735","3.750152","4249.848614","4362.487370","4197.386398","2186.762999"
"09/29/2026 11:49:11.650","6.183749","87.611609","19.475462","7.087071","2.441425","4299.747083","4101.511818","4171.539351","4157.650439"
"09/29/2026 11:49:12.655","5.394333","100.000000","8.308268","3.645977","16.078754","4294.319269","4038.341879","4224.713526","3984.787740"
"09/29/2026 11:49:13.661","5.898070","100.000000","5.250878","3.697614","0.000000","4286.191681","3898.955883","4206.494554","3863.922506"
"09/29/2026 11:49:14.670","5.853839","84.513312","28.761233","28.761233","-1","4393.077331","4558.295106","4311.404113","4632.313214"
"09/29/2026 11:49:15.676","7.441949","92.232891","13.008379","9.901535","17.668644","4290.494253","4180.146261","4401.558582","4251.973733"
"09/29/2026 11:49:16.683","8.314153","53.445828","65.860274","14.650685","-1","4483.261760","4092.927948","4170.940308","4623.698914"
"09/29/2026 11:49:17.689","9.204558","76.702525","36.320234","90.681010","0.597439","3957.388361","4080.265227","4915.668754","4603.425272"
"09/29/2026 11:49:18.692","9.919121","59.502543","45.484192","78.193677","1.871546","3889.859715","4137.681878","4918.433784","4593.490356"
"09/29/2026 11:49:19.697","12.845709","67.341443","48.679410","25.351869","8.245006","4445.823903","4307.774717","4397.847489","4416.000600"
"09/29/2026 11:49:20.704","4.785380","68.993882","28.685928","42.638681","3.881033","4389.178318","4404.358881","4080.042820","4450.622706"
"09/29/2026 11:49:21.714","9.747811","81.433835","35.018422","27.282519","11.810715","4457.881768","4424.416734","4190.471581","4450.542356"
"09/29/2026 11:49:22.719","8.920555","95.332584","15.986510","29.988758","8.207483","4331.371089","4564.256165","4131.284130","4456.289548"
"09/29/2026 11:49:23.727","9.089100","92.251911","20.969496","17.870261","11.671790","4354.746694","4554.626537","4202.729846","4375.923268"
"09/29/2026 11:49:24.733","6.569512","86.024249","23.909799","11.486910","0.616881","4360.238312","4360.074530","4523.531394","4307.631674"
"09/29/2026 11:49:25.741","8.896708","76.739584","55.029862","24.015974","11.610419","4469.825309","4310.791842","4311.956634","4504.674662"
"09/29/2026 11:49:26.746","9.497240","93.785219","25.422623","20.761536","12.993060","4419.728778","4518.700165","4205.196855","4473.081941"
"09/29/2026 11:49:27.755","7.976131","96.900249","30.255596","14.756840","8.557337","4311.334496","4481.276036","4349.938334","4399.102843"
"09/29/2026 11:49:28.757","5.327318","100.000000","11.171306","8.054510","0.000000","4371.622330","4106.637676","4322.193647","3473.388298"
"09/29/2026 11:49:29.762","5.909255","100.000000","6.686864","3.576426","0.000000","4398.232333","3913.603032","4122.267152","1924.325026"
"09/29/2026 11:49:30.771","6.355813","96.904324","13.321083","2.486219","0.938381","4392.324438","4344.268663","4366.813300","3604.815525"
"09/29/2026 11:49:31.778","5.988946","82.930593","19.308258","3.790615","2.238851","4392.647967","4137.006262","4464.546911","3485.730643"
"09/29/2026 11:49:32.794","6.517627","86.150760","16.904562","4.594126","0.000000","4426.596542","3973.924673","4059.945663","2058.098826"
"09/29/2026 11:49:33.802","7.370844","82.946933","24.036337","31.787731","13.184385","4394.918534","4544.204299","4172.234211","4449.490844"
"09/29/2026 11:49:34.804","4.807302","95.321587","15.788572","1.753334","0.000000","4383.199547","4416.922042","4387.252523","3676.950719"
"09/29/2026 11:49:35.807","5.993795","96.888071","8.198086","6.642122","0.418263","4398.102139","3999.897530","4550.657603","2879.962995"
"09/29/2026 11:49:36.811","8.307480","85.983308","26.801719","6.555386","12.785027","4406.935287","4245.668725","4344.045402","3929.681535"
"09/29/2026 11:49:37.817","4.677631","100.000000","5.260051","0.000000","-1","4407.561258","3943.358444","4147.438251","3335.673634"
"09/29/2026 11:49:38.827","7.265013","86.070405","19.517896","4.040568","4.040568","4420.942645","4233.845974","4128.637039","2970.742642"
"09/29/2026 11:49:39.835","9.063541","65.898829","50.398297","20.947285","17.847179","4550.782656","4185.750352","4440.366522","4493.167391"
"09/29/2026 11:49:40.845","5.717842","96.906669","13.386729","11.840064","-1","4390.083683","4383.157138","4543.340898","2994.399337"
"09/29/2026 11:49:41.853","6.772764","100.000000","3.932038","3.932038","0.833072","4405.057560","4104.430709","4402.953598","3842.497099"
"09/29/2026 11:49:42.865","7.528302","100.000000","8.879665","7.335252","2.702015","4422.230836","4216.970607","4203.442247","4116.638949"
"09/29/2026 11:49:43.871","5.111009","100.000000","9.962182","3.752677","0.000000","4425.750313","3890.275016","4197.425281","2123.213808"
"09/29/2026 11:49:44.886","5.527769","84.596920","18.363675","0.000000","1.420287","4445.955479","4117.013561","4258.392989","3602.062624"
"09/29/2026 11:49:45.901","8.472657","84.606472","19.953657","24.571715","9.178188","4421.004745","4501.365091","4226.526991","4445.915795"
"09/29/2026 11:49:46.909","5.419065","100.000000","8.520079","8.520079","6.969572","4399.351614","4318.889619","4451.249275","3027.697846"
"09/29/2026 11:49:47.911","6.121128","90.644597","12.682903","4.886734","0.000000","4436.593451","4190.058093","4224.728408","3920.260049"
"09/29/2026 11:49:48.915","5.721255","100.000000","5.138085","2.027858","0.000000","4426.663995","4078.949447","4170.531805","2481.333123"
"09/29/2026 11:49:49.923","6.488750","81.388224","19.348971","11.594064","10.043083","4438.716521","4227.829970","4229.145032","3322.057488"
"09/29/2026 11:49:50.932","5.547855","59.741709","45.806146","5.547855","-1","4399.113887","4259.812711","4314.392986","2696.340282"
"09/29/2026 11:49:51.943","4.898582","100.000000","2.645000","1.099683","10.371587","4436.054936","4081.066949","4254.787484","3758.689008"
"09/29/2026 11:49:52.952","6.272882","96.901583","14.793529","7.047486","0.000000","4445.286834","4214.606365","4212.077337","2896.706711"
"09/29/2026 11:49:53.961","10.307348","73.691873","27.265767","47.383747","19.528083","4416.658731","4560.238934","4104.410904","4434.818519"
"09/29/2026 11:49:54.965","6.558693","100.000000","11.230758","3.443982","-1","4391.547873","4317.445353","4108.047009","3379.134158"
"09/29/2026 11:49:55.979","6.516051","73.821928","27.625329","7.606803","6.066917","4426.677844","4255.202575","4138.790655","3679.569509"
"09/29/2026 11:49:56.994","4.540700","100.000000","6.080366","10.699364","0.000000","4399.845739","4066.983227","4269.857521","2893.091559"
"09/29/2026 11:49:58.001","5.568571","92.243825","16.233314","2.272199","0.000000","4445.015594","4177.546935","4094.376969","3675.977819"
"09/29/2026 11:49:59.008","7.596930","61.202352","9.989457","42.579481","6.885645","4442.836041","3848.833481","4000.691214","3583.363699"
"09/29/2026 11:50:00.012","4.740266","56.423048","8.177138","50.197770","0.000000","4405.345707","3870.510121","3996.154591","2278.960396"
"09/29/2026 11:50:01.020","11.870926","82.942759","14.713797","41.074987","8.511164","4507.955609","4520.483415","3807.037014","4779.722025"
"09/29/2026 11:50:02.028","9.197740","72.100586","27.151531","42.651205","10.101889","4455.175300","4439.580068","3952.725431","4588.395371"
"09/29/2026 11:50:03.035","8.097793","100.000000","10.036653","2.281193","13.138838","4413.205882","4248.021583","4410.826994","3854.483948"
"09/29/2026 11:50:04.041","3.948292","100.000000","6.796193","5.242796","-1","4427.688063","3960.436157","4350.477686","2016.336842"
"09/29/2026 11:50:05.048","6.121170","34.827920","72.069109","2.241880","0.690164","4352.604874","4161.225603","4151.260126","3356.285134"
"09/29/2026 11:50:06.058","7.919112","93.809688","16.430791","5.597745","25.716259","4468.834806","4035.183607","4056.819305","3802.650236"
"09/29/2026 11:50:07.064","3.046201","100.000000","6.800085","0.000000","-1","4447.129875","3738.749136","4100.844539","2553.126115"
"09/29/2026 11:50:08.069","7.597542","72.026724","28.512740","42.499378","5.201677","4479.967793","4584.238125","4109.736629","4558.127301"
"09/29/2026 11:50:09.084","8.972776","41.496250","7.625657","63.050263","19.942236","4508.656126","4297.855436","3964.165942","3770.955224"
"09/29/2026 11:50:10.089","4.972516","81.344297","6.721486","25.377188","-1","4439.256525","4083.289554","4041.764621","3502.439936"
"09/29/2026 11:50:11.097","8.625310","89.151274","11.660374","20.959282","16.309828","4436.650612","4374.929114","4089.207067","4451.209975"
"09/29/2026 11:50:12.099","3.248005","100.000000","12.669787","3.312979","-1","4440.612633","4218.872215","4471.630697","2575.003957"
"09/29/2026 11:50:13.108","6.804694","93.804190","5.513904","10.160761","3.964951","4453.655870","3907.590422","4190.081199","3633.847485"
"09/29/2026 11:50:14.117","8.692991","89.159308","24.115159","13.274468","2.433776","4485.897693","4368.983451","4271.343190","4614.518041"
"09/29/2026 11:50:15.120","4.642151","70.399469","40.798939","9.640485","1.850872","4238.873650","4153.281823","4387.756917","4726.867097"
"09/29/2026 11:50:16.128","8.139202","76.744103","30.232309","13.177984","19.379557","4381.463820","4296.085474","4374.459464","4705.482579"
"09/29/2026 11:50:17.138","0.728593","81.447005","27.334103","7.235025","-1","4315.018784","4150.978436","4519.123383","4650.211104"
"09/29/2026 11:50:18.210","16.499547","95.627613","88.340301","27.126878","16.924641","4260.673282","5114.565403","4194.028676","4631.864604"
"09/29/2026 11:50:19.217","10.975347","61.209303","93.793488","58.106047","3.799070","4476.755034","4964.258222","3807.569057","4500.534064"
"09/29/2026 11:50:20.226","11.094636","86.064181","38.063026","39.611450","3.997690","4338.605255","4644.521558","4418.706929","4693.192278"
"09/29/2026 11:50:21.236","7.719297","100.000000","8.686598","8.686598","4.043543","4291.393140","4331.962769","4355.423493","2578.856552"
"09/29/2026 11:50:22.239","6.144335","100.000000","11.207084","4.976002","14.322625","4295.391572","4163.135802","4409.903268","4756.995149"
"09/29/2026 11:50:23.245","5.928783","82.907915","8.324271","20.754878","-1","4336.486684","4072.691610","3963.357063","2808.331115"
"09/29/2026 11:50:24.245","5.244858","100.000000","3.162331","4.724229","3.162331","4311.722389","4178.052745","4276.545019","2166.454648"
"09/29/2026 11:50:25.258","5.701217","83.041635","27.541530","5.958156","0.000000","4348.065732","4145.378519","4360.916772","2517.354375"
"09/29/2026 11:50:26.270","7.195955","86.098701","10.413850","7.324672","2.690906","4362.327193","4474.329837","4569.757058","3003.236901"
"09/29/2026 11:50:27.272","6.686680","87.523567","15.784075","15.784075","3.307642","4310.571307","4272.883570","4105.592126","3772.042021"
"09/29/2026 11:50:28.285","5.905138","92.292572","9.052344","10.593830","1.344915","4290.221470","4255.012222","4033.104312","3377.597608"
"09/29/2026 11:50:29.288","4.850407","57.913352","6.474116","50.119529","4.915351","4266.375781","4065.002798","3886.388318","2251.953866"
"09/29/2026 11:50:30.302","7.612416","67.641876","15.252532","35.283752","0.000000","4308.921561","4393.698011","3991.420409","2508.346699"
"09/29/2026 11:50:31.304","6.134556","18.875289","85.959185","1.714292","7.954655","4328.277358","3988.491361","4306.822269","2488.581321"
"09/29/2026 11:50:32.313","5.927927","100.000000","8.700443","5.605543","0.000000","4323.300410","3966.899486","4178.836683","2430.812178"
"09/29/2026 11:50:33.320","5.945866","90.685148","17.718806","13.061380","22.376232","4357.745698","4364.617001","4393.990243","4479.725210"
"09/29/2026 11:50:34.330","9.045050","92.264639","25.740538","22.646393","-1","4172.842700","4464.868843","4375.586319","4402.680320"
"09/29/2026 11:50:35.338","10.419138","86.049412","34.897254","16.296470","5.446012","4280.753314","4487.904836","4320.025198","4670.641700"
"09/29/2026 11:50:36.343","6.275023","89.118317","16.055584","11.392006","0.510322","4230.770935","4130.587034","4423.829407","4030.634364"
"09/29/2026 11:50:37.348","7.660086","90.675352","11.415846","5.199414","3.645306","4281.264040","4348.620017","4463.965861","3262.033411"
"09/29/2026 11:50:38.359","9.063015","89.180302","38.173152","33.536139","7.259728","4400.268764","4604.524071","4235.973086","4288.782086"
"09/29/2026 11:50:39.369","7.656286","90.714040","30.355302","22.617002","8.688063","4416.849209","4470.996126","4177.766057","4520.801681"
"09/29/2026 11:50:40.372","8.949039","95.327392","29.910881","26.795809","12.777985","4425.433856","4624.237080","4361.777045","4382.945510"
"09/29/2026 11:50:41.380","10.510416","95.351190","25.619043","25.619043","10.123010","4378.363632","4529.798967","4076.319851","4443.904318"
"09/29/2026 11:50:42.385","6.198433","87.553628","19.098580","23.765970","9.763801","4418.004644","4516.639894","4117.158456","4355.322235"
"09/29/2026 11:50:43.395","6.968716","92.268869","16.503781","14.957555","7.226423","4373.536592","4392.314903","4237.786753","4427.295210"
"09/29/2026 11:50:44.399","7.225639","95.328843","23.704443","22.147391","1.905712","4425.739017","4544.999503","4257.879727","4444.550787"
"09/29/2026 11:50:45.409","10.007949","64.441222","50.526918","30.428478","13.422107","4512.668722","4379.225844","4249.548341","4441.887533"
"09/29/2026 11:50:46.418","8.037559","38.046351","75.218540","19.460256","16.362573","4653.134632","4166.603876","4466.285024","4406.366039"
"09/29/2026 11:50:47.429","5.308273","32.022799","73.736081","8.848753","0.000000","4375.540458","4091.350648","4590.199647","3695.993910"
"09/29/2026 11:50:48.435","11.271305","100.000000","14.571942","9.912229","56.509352","4412.612970","3995.902664","4165.950332","4093.172444"
"09/29/2026 11:50:49.451","2.341569","100.000000","7.663724","3.046910","-1","4419.473259","4083.443565","4009.175842","3573.682184"
"09/29/2026 11:50:50.457","8.346082","86.018894","13.006450","17.666819","13.006450","4437.969912","4149.638319","3963.961122","3261.627884"
"09/29/2026 11:50:51.463","4.835200","70.499559","17.709297","19.261952","-1","4448.750514","4102.731768","3962.844460","2644.504461"
"09/29/2026 11:50:52.466","6.733076","76.634592","37.692244","20.557612","3.422979","4372.686422","4384.200315","4332.290531","4558.598798"
"09/29/2026 11:50:53.476","9.399439","41.190238","10.237732","65.952243","31.904486","4407.241150","4176.008865","3978.966941","2046.815078"
"09/29/2026 11:50:54.484","4.355731","81.413260","10.164092","22.555251","-1","4419.772676","4294.347232","4030.528714","3506.002828"
"09/29/2026 11:50:55.493","5.216269","100.000000","2.375333","3.924931","-1","4428.541763","3951.665005","4185.399655","3963.889117"
"09/29/2026 11:50:56.499","6.926060","76.699155","6.796619","30.097464","0.583060","4431.774001","3947.102489","4062.071352","3671.391125"
"09/29/2026 11:50:57.504","10.376544","62.700062","8.304319","39.387601","19.183468","4435.589134","3968.843689","3995.446426","4421.639383"
"09/29/2026 11:50:58.513","4.802534","90.712442","24.151613","25.699539","-1","4469.307559","4453.059437","4362.038659","4355.715846"
"09/29/2026 11:50:59.523","7.252941","100.000000","8.671879","2.480142","4.028077","4422.677969","4354.668663","4463.464102","3034.604317"
"09/29/2026 11:51:00.523","10.121160","50.016694","57.826586","6.281302","26.587020","4434.377763","4103.198040","4462.172886","3569.753983"
"09/29/2026 11:51:01.533","5.072911","100.000000","5.652916","2.559569","-1","4448.307550","4002.291241","4202.421199","4178.158701"
"09/29/2026 11:51:02.544","4.252676","100.000000","2.642930","5.733630","0.000000","4440.886255","3943.877503","4556.054928","2646.625463"
"09/29/2026 11:51:03.547","5.341889","37.630894","28.275528","48.545488","0.000000","4423.420265","4183.050008","4065.930184","3418.980780"
"09/29/2026 11:51:04.550","9.435143","75.088178","33.049478","25.264534","9.694645","4524.416656","4392.461816","4201.812072","4329.901201"
"09/29/2026 11:51:05.557","6.351985","96.895646","13.078083","11.525906","5.317197","4422.189020","4525.492344","4339.072119","4026.186550"
"09/29/2026 11:51:06.567","6.788825","95.358780","5.628525","8.722672","0.987305","4441.319813","4090.152648","4347.617181","3496.786105"
"09/29/2026 11:51:07.574","2.700739","55.033008","47.280079","3.863673","0.000000","4441.291058","4204.743764","4287.761384","2794.714751"
"09/29/2026 11:51:08.578","7.785184","95.327610","6.552192","3.437265","0.322338","4466.341738","4199.967071","4333.081291","3469.698328"
"09/29/2026 11:51:09.586","6.616690","96.900139","8.554108","7.004178","13.203899","4465.408213","3981.612709","4176.068123","2171.859941"
"09/29/2026 11:51:10.600","7.342381","76.883753","10.617180","33.733426","0.000000","4494.748236","4309.420586","4011.852366","4002.716320"
"09/29/2026 11:51:11.601","3.563428","100.000000","3.238289","1.677616","0.000000","4456.941107","4054.147912","4140.769610","3036.760245"
"09/29/2026 11:51:12.608","7.539564","82.942309","37.972033","19.363643","6.958049","4501.608677","4392.883848","4324.281464","4354.439399"
"09/29/2026 11:51:13.616","8.739437","100.000000","10.095753","6.995607","33.346852","4440.109436","4407.821238","4455.418926","2614.978511"
"09/29/2026 11:51:14.625","5.545244","100.000000","5.545244","5.545244","-1","4455.355736","4025.603295","4299.539595","3413.533115"
"09/29/2026 11:51:15.631","6.025511","96.893405","8.355457","5.248863","5.248863","4471.023940","4233.315521","4511.501460","2657.388264"
"09/29/2026 11:51:16.638","5.879286","90.684960","6.849600","9.954613","-1","4483.016669","3906.788705","4060.588740","3508.459513"
"09/29/2026 11:51:17.647","6.430373","100.000000","8.624418","7.075679","0.000000","4473.675306","3983.206045","4192.596307","3740.838856"
"09/29/2026 11:51:18.661","9.522991","100.000000","7.532378","4.450124","12.155759","4443.986531","4081.174511","4372.003524","3160.966233"
"09/29/2026 11:51:19.663","8.921603","65.723880","12.751694","48.585820","-1","4495.670458","4519.521127","4063.839301","4586.829871"
"09/29/2026 11:51:20.672","11.147694","70.576144","50.444031","28.763295","16.374303","4429.288695","4190.147817","4299.332931","4423.720328"
"09/29/2026 11:51:21.678","7.965687","84.455851","16.061597","12.952767","11.398353","4451.076953","4215.667156","4308.695916","4080.295915"
"09/29/2026 11:51:22.687","7.297450","100.000000","5.555651","5.555651","-1","4450.222817","3941.537175","4264.873023","1992.593312"
"09/29/2026 11:51:23.691","4.260200","14.379041","1.925083","92.216276","0.000000","4208.121598","3950.543405","4011.219792","3562.753864"
"09/29/2026 11:51:24.693","8.891724","6.489005","22.074171","85.973351","0.000000","3964.385093","4216.843324","4027.071877","3988.912181"
"09/29/2026 11:51:25.700","2.801796","61.198325","6.875980","41.021454","8.428047","4456.279852","3917.614521","4024.499439","3972.763988"
"09/29/2026 11:51:26.707","8.426064","76.734920","27.102749","37.959786","10.041690","4480.455376","4495.445452","4256.159540","4483.706862"
"09/29/2026 11:51:27.713","7.849347","72.044183","13.026347","31.663558","6.813943","4413.713135","4438.005153","4047.767565","3239.392276"
"09/29/2026 11:51:28.717","5.977447","81.312288","5.004131","22.134533","-1","4451.683747","4015.165948","4013.099422","3576.398765"
"09/29/2026 11:51:29.724","7.663393","92.246051","14.706559","3.851030","14.706559","4458.908389","4199.442289","4350.588409","3461.092894"
"09/29/2026 11:51:30.726","8.844797","87.525447","15.796766","14.237447","4.881532","4461.438389","4451.929592","4154.346418","3172.927145"
"09/29/2026 11:51:31.734","2.180123","90.696128","2.309345","10.062572","-1","4464.903125","3877.521497","4124.199482","4041.840733"
"09/29/2026 11:51:32.739","9.683637","73.584891","23.862333","16.093183","3.662544","4548.784720","4463.096859","4365.836598","3755.667716"
"09/29/2026 11:51:33.749","4.911889","93.807016","31.877173","14.846466","5.556990","4283.934295","4527.942629","4367.691572","4698.033571"
"09/29/2026 11:51:34.753","9.409358","87.558367","20.684592","12.908572","3.577348","4377.270031","4554.414756","4170.866128","4750.942571"
"09/29/2026 11:51:35.762","3.524745","58.183301","28.756735","28.756735","0.878936","4296.366354","4099.007520","4056.281907","4700.211317"
"09/29/2026 11:51:36.768","7.913012","76.703222","17.684717","34.769021","9.919125","4424.096489","4613.260973","4074.423586","4618.898506"
"09/29/2026 11:51:37.772","8.499256","100.000000","19.069505","8.175016","0.393238","4252.878513","4394.339172","4353.447685","4782.087381"
"09/29/2026 11:51:38.782","8.041193","58.212267","36.544553","42.735328","13.329145","4470.773523","4326.516837","4006.932439","4648.234307"
"09/29/2026 11:51:39.785","5.149100","34.603482","79.758221","1.905224","-1","4360.777597","3983.717600","4434.703180","2746.558333"
"09/29/2026 11:51:40.790","8.699915","92.224265","17.577211","16.022064","12.911771","4310.784315","4474.541702","4166.569891","4636.346649"
"09/29/2026 11:51:41.802","6.219810","100.000000","2.746465","2.746465","0.000000","4313.895965","3988.230486","4066.968023","3640.484398"
"09/29/2026 11:51:42.807","5.100125","86.007937","5.164909","20.711646","0.000000","4288.425982","4094.869373","4061.869350","3861.243697"
"09/29/2026 11:51:43.810","7.313534","45.440339","8.028000","59.469966","1.792610","4351.947737","3908.029684","3914.013977","2471.629121"
"09/29/2026 11:51:44.810","3.752095","100.000000","6.290080","0.042752","0.042752","4325.031073","4204.780911","4008.860392","2151.783059"
"09/29/2026 11:51:45.815","7.160994","79.786622","22.256240","25.365990","8.262363","4378.669614","4402.576967","4236.471292","3976.503306"
"09/29/2026 11:51:46.816","7.284762","93.758301","15.737061","14.176636","3.253663","4302.959511","4576.629633","3997.097266","3221.367921"
"09/29/2026 11:51:47.822","6.822742","19.246376","13.034559","89.129320","0.610925","4333.367506","4069.102358","3850.447051","2253.890677"
"09/29/2026 11:51:48.827","4.320761","65.796452","6.717597","37.811731","0.498770","4316.040934","4018.249456","3938.272229","2403.892891"
"09/29/2026 11:51:49.831","8.004623","51.731623","6.577334","50.174578","1.906201","4347.014860","4145.003981","3891.863591","2184.318683"
"09/29/2026 11:51:50.833","7.560793","92.204705","17.369873","8.015519","0.220224","4311.184883","4364.060269","4503.061179","2728.595258"
"09/29/2026 11:51:51.838","9.462503","82.890552","19.118971","14.452758","5.120332","4418.074827","4532.422816","4609.219591","3089.859165"
"09/29/2026 11:51:52.844","3.397229","65.859263","20.855565","33.270379","8.440752","4313.152444","4253.638617","4026.864377","4429.872481"
"09/29/2026 11:51:53.851","5.789880","59.624232","40.989261","11.483892","0.000000","4448.110031","4192.533915","4555.158122","4549.924232"
"09/29/2026 11:51:54.859","8.196317","53.517125","14.781396","72.110275","8.583679","4326.819703","4323.420095","3818.276368","4767.040833"
"09/29/2026 11:51:55.871","5.848589","56.753416","42.852729","22.773957","0.000000","4376.294454","4198.450565","3943.808408","4412.351421"
"09/29/2026 11:51:56.872","8.230478","89.081247","28.248198","22.008911","11.090158","4392.661863","4547.475170","4315.369378","4544.463168"
"09/29/2026 11:51:57.881","9.663919","78.303844","50.408785","20.964002","14.765100","4508.285239","4364.700455","4302.328490","4553.345894"
"09/29/2026 11:51:58.888","10.552501","73.631082","56.568841","27.097698","16.239908","4507.360868","4325.857705","4402.135499","4633.534810"
"09/29/2026 11:51:59.895","6.299611","95.344080","25.505283","19.297390","2.225684","4381.776811","4565.478076","4282.439635","4633.966692"
"09/29/2026 11:52:00.904","11.187877","75.233221","22.603817","19.507969","5.576656","4466.206626","4543.520310","4203.780593","4693.015752"
"09/29/2026 11:52:01.914","6.482696","98.453194","28.846926","21.112896","16.472479","4381.933773","4422.205291","4239.034886","4568.463258"
"09/29/2026 11:52:02.928","7.156723","75.327464","41.402726","32.150525","4.393922","4561.078268","4293.183290","4396.741300","4547.506423"
"09/29/2026 11:52:03.930","9.326467","87.529141","40.763418","26.733701","9.586270","4499.647658","4383.902384","4347.165232","4482.768397"
"09/29/2026 11:52:04.932","9.262999","73.480877","51.641600","25.122477","6.403096","4473.667735","4403.836977","4309.339503","4521.537800"
"09/29/2026 11:52:05.938","7.578689","96.893401","16.121836","11.461938","0.588842","4393.163348","4376.336703","4669.439371","3660.521316"
"09/29/2026 11:52:06.945","10.495507","100.000000","8.492156","5.390195","19.349019","4419.983534","4405.561125","4206.350276","3579.199339"
"09/29/2026 11:52:07.953","3.956251","100.000000","11.642338","0.000000","-1","4435.139929","4102.152957","4223.359908","3510.932023"
"09/29/2026 11:52:08.961","4.126406","98.450528","3.932715","7.031659","2.383242","4439.341748","4072.108532","4217.935432","2750.491513"
"09/29/2026 11:52:09.969","13.225592","45.725615","61.232582","2.306107","45.725615","4457.588976","4089.483973","4071.510698","3479.972116"
"09/29/2026 11:52:10.976","4.209783","55.013499","44.154689","33.295878","-1","4530.957792","4195.153067","4237.515465","4562.913035"
"09/29/2026 11:52:11.982","3.057900","11.470774","100.000000","13.023918","0.000000","4352.636858","4048.406282","4546.315112","3566.358842"
"09/29/2026 11:52:12.986","9.709121","37.730429","40.843907","40.843907","15.936079","4497.002180","3977.484254","4044.070202","3737.508825"
"09/29/2026 11:52:13.993","2.658407","72.058758","2.205654","34.803770","-1","4466.423746","4007.758156","4044.642685","3763.620105"
"09/29/2026 11:52:15.005","5.588741","89.202797","21.334662","2.825170","0.000000","4477.042554","4206.769475","3895.009872","2518.664247"
"09/29/2026 11:52:16.009","7.724387","78.211802","31.522806","6.622009","3.509409","4469.279313","4367.025719","4047.265003","2570.948400"
"09/29/2026 11:52:17.011","9.295175","79.713329","25.095369","25.095369","11.050750","4568.593697","4473.233280","4233.900586","3922.056233"
"09/29/2026 11:52:18.018","7.240771","95.345878","13.123064","6.917569","2.263447","4432.609057","4332.159828","4416.326516","3543.924167"
"09/29/2026 11:52:19.025","10.303264","100.000000","16.188199","9.979917","9.979917","4437.229224","4318.474259","4564.253190","3453.994759"
"09/29/2026 11:52:20.035","6.604303","93.812293","5.637466","7.184393","0.000000","4418.351961","4286.306672","4159.649762","3659.934189"
"09/29/2026 11:52:21.048","7.700828","33.714166","27.548042","59.920194","0.000000","4604.466131","4455.675013","3956.046623","4128.818565"
"09/29/2026 11:52:22.054","11.348907","82.904392","8.305377","20.738546","47.159031","4464.470814","3950.117970","3908.684773","3471.061375"
"09/29/2026 11:52:23.059","4.431237","84.449827","8.253982","19.139103","-1","4462.497705","4259.020018","4029.434897","3100.978733"
"09/29/2026 11:52:24.064","4.838728","45.622133","37.853866","50.283093","5.227146","4507.063861","4430.921272","4025.480793","4583.632963"
"09/29/2026 11:52:25.069","6.926649","100.000000","6.732334","3.623412","0.514489","4433.625167","4305.457663","4283.867126","2919.923285"
"09/29/2026 11:52:26.082","5.946831","93.828364","13.597092","5.882547","1.253820","4459.872768","4229.488851","4287.455457","3097.605970"
"09/29/2026 11:52:27.092","6.043819","100.000000","4.044750","2.497085","0.000000","4442.359607","4210.435684","4368.649529","3500.528452"
"09/29/2026 11:52:28.105","8.422257","19.853418","2.899333","84.587196","42.972624","4362.267084","3882.833475","3999.256026","2300.903894"
"09/29/2026 11:52:29.110","3.934294","50.216964","22.214007","47.105525","-1","4456.918248","4249.023278","4073.666786","3432.381023"
"09/29/2026 11:52:30.119","7.700893","98.452007","2.476413","2.476413","0.928420","4455.563742","3783.637815","4063.224527","2171.579984"
"09/29/2026 11:52:31.122","6.993348","85.971064","26.737780","20.502697","8.032532","4473.412219","4444.250089","4092.273184","4578.378224"
"09/29/2026 11:52:32.126","6.126069","31.539451","23.759843","68.881569","6.644706","4391.032594","4234.709113","4041.141287","4331.224934"
"09/29/2026 11:52:33.127","7.077592","42.256751","9.483556","65.666177","0.000000","4383.081435","4209.898488","4011.338833","3984.371178"
"09/29/2026 11:52:34.138","7.495573","78.355512","4.145837","27.336360","19.606186","4444.961081","3877.102857","4049.558725","2674.663624"
"09/29/2026 11:52:35.141","3.277119","33.052974","5.028637","71.975663","-1","4471.145163","4090.596828","3996.140715","3675.079749"
"09/29/2026 11:52:36.144","6.971577","81.303429","29.887859","9.633241","0.284956","4470.322446","4246.260087","4151.160201","2143.773500"
"09/29/2026 11:52:37.153","7.344376","95.354314","2.440593","11.731965","0.000000","4455.628972","4035.875718","4281.309748","3900.697758"
"09/29/2026 11:52:38.161","4.614894","96.900146","5.454444","5.454444","0.000000","4464.565573","4335.316351","4120.309478","2544.214747"
"09/29/2026 11:52:39.167","9.652563","79.807737","36.316709","25.443951","26.997202","4555.240065","4370.392103","4099.261557","4488.701328"
"09/29/2026 11:52:40.181","9.539722","21.417046","98.459158","12.171993","0.000000","4407.234284","4122.071038","4569.036660","3199.933649"
"09/29/2026 11:52:41.190","6.913681","100.000000","7.107205","8.655419","0.000000","4438.048772","4375.620546","4559.592541","3581.697683"
"09/29/2026 11:52:42.199","6.318980","100.000000","10.190097","10.190097","0.000000","4455.101416","4223.500626","4582.388703","3711.163070"
"09/29/2026 11:52:43.211","9.594360","100.000000","7.276266","7.276266","13.457849","4467.593562","3946.382240","4274.535048","2776.925385"
"09/29/2026 11:52:44.217","5.200299","37.878691","67.386313","2.158939","0.000000","4385.568671","4198.427472","4153.851434","3731.000986"
"09/29/2026 11:52:45.232","3.421290","18.427548","55.366017","39.974988","0.000000","4387.915743","4178.853155","4203.560399","3084.484985"
"09/29/2026 11:52:46.234","8.962415","87.532656","22.079098","23.637516","8.053336","4438.850961","4431.255895","4366.842562","4581.213850"
"09/29/2026 11:52:47.236","5.283827","90.638896","14.189877","7.949140","23.550981","4457.947108","4267.676434","4334.246701","3407.293045"
"09/29/2026 11:52:48.244","5.837839","100.000000","11.650323","7.000340","-1","4446.597685","4147.185818","4444.898651","2738.546732"
"09/29/2026 11:52:49.248","7.485421","100.000000","9.754518","3.530692","36.205780","4462.465079","4161.930659","4081.824391","4202.764731"
"09/29/2026 11:52:50.250","2.740829","96.879385","14.183081","4.821236","-1","4471.997132","4373.321767","4108.094136","3446.735308"
"09/29/2026 11:52:51.259","6.757177","95.357204","14.882075","11.786878","13.334476","4479.300193","4227.843120","4418.526450","3101.556706"
"09/29/2026 11:52:52.265","7.396893","92.229110","19.182744","14.520210","0.000000","4379.315746","4487.054616","4304.495868","4790.780794"
"09/29/2026 11:52:53.267","4.711601","57.909418","57.909418","15.818836","-1","4279.519048","4117.824196","4357.829140","4412.091707"
"09/29/2026 11:52:54.273","8.591063","75.158506","27.028112","27.028112","6.844398","4307.768347","4335.919436","4254.162391","4711.612231"
"09/29/2026 11:52:55.280","8.644385","33.277430","5.347051","65.862871","0.691988","4417.838313","4278.413485","3878.594350","4455.372162"
"09/29/2026 11:52:56.283","5.133297","75.065834","36.106199","17.405574","12.730418","4362.488865","4325.056014","4416.634625","4690.613221"
"09/29/2026 11:52:57.287","8.012808","82.886105","22.209569","9.763100","0.000000","4342.990414","4321.104894","4412.455008","3273.144947"
"09/29/2026 11:52:58.302","6.719392","95.380877","19.935207","16.855792","4.538132","4348.395987","4527.173775","4349.024078","3773.348851"
"09/29/2026 11:52:59.315","5.783136","100.000000","7.454105","7.454105","5.911674","4310.470082","4374.942913","4365.319710","3171.802586"
"09/29/2026 11:53:00.329","7.628792","81.500064","13.666964","32.166900","2.875334","4300.523583","4501.394520","3861.946098","3418.068730"
"09/29/2026 11:53:01.330","9.013895","50.087626","7.974061","48.527864","15.772869","4355.971546","4266.143171","3925.446222","2869.671539"
"09/29/2026 11:53:02.337","2.787235","95.343101","5.309719","6.862019","0.000000","4365.147189","4064.336383","4162.595111","3692.581281"
"09/29/2026 11:53:03.352","8.734217","18.418781","9.183171","100.000000","21.497317","4273.309762","4126.418762","3876.664978","2684.277075"
"09/29/2026 11:53:04.355","8.145723","31.450090","20.544423","81.304570","-1","4382.494453","4537.104844","3990.166116","4751.196512"
"09/29/2026 11:53:05.365","6.053012","35.004424","75.239780","8.696690","0.959122","4360.542822","4073.006121","4439.562759","2803.886766"
"09/29/2026 11:53:06.372","8.412708","51.911822","58.116748","11.579802","19.335960","4310.160545","4119.669451","4304.332403","4803.710989"
"09/29/2026 11:53:07.378","7.569023","64.270379","47.182299","6.792292","0.578445","4360.548495","4066.674009","4240.858791","2091.100592"
"09/29/2026 11:53:08.392","5.172601","100.000000","9.150477","6.070832","0.000000","4350.593788","3924.145552","4295.006190","3600.277258"
"09/29/2026 11:53:09.396","5.338712","100.000000","6.571450","5.014308","0.000000","4366.600331","3780.658894","4295.979716","3755.377671"
"09/29/2026 11:53:10.409","8.856657","96.916927","12.132420","12.132420","4.424738","4356.175034","4036.504489","4201.317507","2043.116379"
"09/29/2026 11:53:11.414","7.867626","61.125578","54.905671","23.806134","0.481481","4435.735195","4218.281144","4432.744080","4608.545820"
"09/29/2026 11:53:12.421","7.799011","100.000000","9.997359","14.652668","0.000000","4302.307819","4476.753833","4471.755266","4584.269906"
"09/29/2026 11:53:13.425","6.956846","92.213962","34.597278","20.582409","12.796370","4401.493029","4559.973130","4365.561805","4758.486736"
"09/29/2026 11:53:14.429","7.696633","100.000000","11.326537","9.770862","0.000000","4287.875750","4183.204895","4336.215847","4430.746091"
"09/29/2026 11:53:15.430","9.883987","51.626039","57.867841","18.856582","4.812529","4512.397033","4289.436050","4385.867364","4603.981167"
"09/29/2026 11:53:16.437","6.387900","96.896836","17.766163","23.972490","13.111418","4445.873694","4518.253203","4234.709694","4551.275407"
"09/29/2026 11:53:17.442","9.223760","96.889893","28.467547","30.022601","6.696801","4440.341076","4560.299593","4337.028594","4465.575748"
"09/29/2026 11:53:18.448","11.833455","64.267306","37.856183","30.088206","8.337871","4549.746662","4384.735197","4217.880901","4550.648000"
"09/29/2026 11:53:19.453","6.217029","82.901447","22.279303","25.388131","2.071922","4361.953375","4676.017587","4240.961813","3700.052333"
"09/29/2026 11:53:20.467","10.157400","53.762208","46.055909","46.055909","9.065675","4391.596728","4419.982614","4005.234697","4082.478341"
"09/29/2026 11:53:21.468","10.904662","67.223322","45.372203","28.203466","4.791553","4492.608451","4433.219001","4351.071262","3970.784571"
"09/29/2026 11:53:22.470","9.990119","53.207860","48.528645","18.893623","6.415719","4495.639020","4304.327624","4411.618303","3365.645449"
"09/29/2026 11:53:23.477","8.965041","75.172282","34.827240","37.930705","13.102987","4449.300060","4600.446606","4122.554222","4470.265021"
"09/29/2026 11:53:24.479","8.197855","95.325492","28.324216","25.207877","6.509847","4370.695200","4583.607673","4320.673745","4283.236772"
"09/29/2026 11:53:25.494","5.245276","98.459273","6.015640","6.015640","12.178549","4427.383667","4253.377760","4317.578979","3415.586853"
"09/29/2026 11:53:26.501","4.797377","100.000000","11.583708","3.827893","-1","4428.698944","4033.593152","4359.185143","2126.462687"
"09/29/2026 11:53:27.506","6.574241","98.445064","6.703821","3.593948","2.039012","4412.582857","3924.568822","4355.288918","3900.710432"
"09/29/2026 11:53:28.507","5.751539","100.000000","11.081450","7.961501","0.000000","4422.676763","3884.669652","4236.848492","3530.134488"
"09/29/2026 11:53:29.509","11.076922","96.879892","12.636976","6.396761","4.836707","4467.009654","4140.361059","4302.781697","3844.806840"
"09/29/2026 11:53:30.517","7.808410","90.696855","30.226410","24.024313","27.125362","4405.598439","4471.752991","4222.544889","4482.329080"
"09/29/2026 11:53:31.524","6.853617","100.000000","14.675065","11.572340","-1","4393.634723","4383.050798","4524.987505","3599.001347"
"09/29/2026 11:53:32.531","4.508422","84.493925","5.412945","19.368412","0.000000","4426.302725","4016.606252","4182.463749","2555.496072"
"09/29/2026 11:53:33.537","9.789880","87.566158","5.191955","16.071566","14.517336","4455.135526","4083.059338","4093.210312","2207.167596"
"09/29/2026 11:53:34.544","2.152126","100.000000","13.196339","6.996077","-1","4448.629458","4286.600925","4449.693438","3248.815340"
"09/29/2026 11:53:35.553","7.729998","96.900658","13.218413","10.119070","0.821043","4496.654556","4398.886416","4458.541910","4592.995225"
"09/29/2026 11:53:36.559","7.106564","34.748026","62.713158","33.194408","11.443750","4402.349593","4203.756614","4039.942496","4422.699958"
"09/29/2026 11:53:37.568","5.212940","41.153302","70.576651","7.084161","0.000000","4421.557418","4021.901862","4291.943852","3768.418831"
"09/29/2026 11:53:38.577","9.966459","100.000000","7.128729","8.676584","13.320147","4437.277966","4203.894420","4456.631913","2701.483594"
"09/29/2026 11:53:39.578","3.748713","100.000000","4.789271","6.350102","29.762577","4446.451636","3967.383800","4249.528642","4270.616140"
"09/29/2026 11:53:40.588","9.158405","96.905325","8.707097","2.517748","0.000000","4460.841816","4152.479644","4017.255376","3284.993261"
"09/29/2026 11:53:41.599","4.538287","55.198010","7.306227","52.108217","-1","4432.771949","3977.701999","4078.575252","2784.276256"
"09/29/2026 11:53:42.611","6.789753","75.281260","42.837913","16.574252","1.125039","4532.746561","4204.620576","4366.995399","4568.362655"
"09/29/2026 11:53:43.622","8.616939","98.454409","10.355726","5.718954","-1","4420.810283","4249.275872","4482.149977","3880.761880"
"09/29/2026 11:53:44.629","6.115277","34.868689","25.564216","48.825398","22.462725","4447.360419","4040.438006","4069.978953","4300.205494"
"09/29/2026 11:53:45.636","5.739962","78.262613","17.708463","25.471816","-1","4480.993705","4324.670802","4041.575710","2133.897059"
"09/29/2026 11:53:46.638","2.597736","100.000000","6.493827","0.260082","0.000000","4455.997132","3997.764392","4098.218798","2468.650783"
"09/29/2026 11:53:47.643","6.587089","62.660764","1.984506","37.767940","1.984506","4457.088782","4006.397445","4059.649238","2380.799723"
"09/29/2026 11:53:48.657","5.647554","96.919104","9.113567","4.492222","1.411326","4466.879014","4175.319943","4057.194238","2354.690161"
"09/29/2026 11:53:49.667","8.527289","95.358678","19.550425","22.644639","10.267782","4474.306386","4494.674551","4231.105679","3950.486030"
"09/29/2026 11:53:50.669","4.383118","89.087203","15.815568","23.610423","0.225859","4420.321786","4502.990808","3999.882177","2533.707084"
"09/29/2026 11:53:51.685","8.885523","87.688966","21.517157","21.517157","1.511726","4444.611866","4295.052695","4347.344436","2706.593370"
"09/29/2026 11:53:52.687","6.457921","25.218273","20.544415","67.282994","23.660320","4430.446148","4174.850993","4055.106243","2370.354400"
"09/29/2026 11:53:53.697","4.296697","76.783565","10.229783","25.707407","-1","4465.105606","4139.318564","4093.179400","3284.549773"
"09/29/2026 11:53:54.703","6.510541","90.676952","8.323359","11.431042","8.323359","4482.480147","4119.307782","4121.881962","3520.854287"
"09/29/2026 11:53:55.708","6.694850","90.675960","14.529630","5.205589","0.543569","4497.772525","4299.117135","4182.755885","4055.628074"
"09/29/2026 11:53:56.714","6.578235","90.677246","20.756588","5.218664","0.000000","4478.973396","4221.889423","4107.931135","2144.412420"
"09/29/2026 11:53:57.718","7.657778","68.873411","34.634162","37.746821","20.627197","4551.745387","4282.572322","4247.426610","4428.969401"
"09/29/2026 11:53:58.721","4.857821","11.278457","11.278457","100.000000","0.000000","4269.991539","4344.786986","3991.456595","2395.985612"
"09/29/2026 11:53:59.726","9.149106","14.462780","12.907558","93.779111","65.785112","4001.803943","4217.707077","4024.343189","3586.215965"
"09/29/2026 11:54:00.734","5.344999","47.313452","8.573343","61.259891","-1","4442.193995","4245.280509","4039.970822","3399.513270"
"09/29/2026 11:54:01.750","8.626170","6.125415","3.047559","100.000000","56.910026","4163.090497","4071.963669","4019.495572","2082.890330"
"09/29/2026 11:54:02.756","4.974835","64.292790","6.850757","42.557967","-1","4481.042957","3907.345338","4038.987356","3971.820489"
"09/29/2026 11:54:03.762","4.258429","96.892768","8.336668","6.783052","-1","4536.522784","4372.107056","4509.071947","4610.006618"
"09/29/2026 11:54:04.768","13.161160","93.787982","22.349769","23.902774","8.372727","4428.948698","4502.814016","4384.138405","4582.500878"
"09/29/2026 11:54:05.773","1.696617","96.889544","11.351991","5.131079","0.000000","4453.204858","4263.134579","4313.816266","3028.053961"
"09/29/2026 11:54:06.786","7.843329","90.745774","19.796709","9.000112","2.830628","4474.487750","4246.349209","4540.555139","2317.106339"
"09/29/2026 11:54:07.799","6.885628","100.000000","5.921704","2.837169","1.294902","4472.742668","4260.369593","4414.796378","2480.443409"
"09/29/2026 11:54:08.811","3.228904","83.024872","22.840329","4.322008","1.235621","4479.534865","4213.117083","4276.716055","2384.070152"
"09/29/2026 11:54:09.812","5.520789","76.575402","15.671448","25.041287","0.055050","4503.463184","4217.543811","4118.501290","2250.477925"
