"(PDH-CSV 4.0)","\\OUMUAMUA\Processor(_Total)\% Processor Time","\\OUMUAMUA\Processor(10)\% Processor Time","\\OUMUAMUA\Processor(11)\% Processor Time","\\OUMUAMUA\Processor(12)\% Processor Time","\\OUMUAMUA\Processor(13)\% Processor Time"
"09/28/2026 20:28:32.406","13.525291","8.993128","9.616463","7.434792","99.376665"
"09/28/2026 20:28:37.416","10.088803","4.267962","4.267962","3.956131","97.817185"
"09/28/2026 20:28:42.418","10.166258","4.711926","4.399506","3.149827","100.000000"
"09/28/2026 20:28:47.429","18.957931","17.684748","16.437548","19.867350","89.086993"
"09/28/2026 20:28:52.438","14.975022","27.010045","8.294671","13.285438","77.541552"
"09/28/2026 20:28:57.451","13.290218","57.294523","9.913265","9.289827","86.907810"
"09/28/2026 20:29:02.461","9.462857","98.128700","4.251806","4.875572","-1"
"09/28/2026 20:29:07.472","13.326315","44.192124","56.039606","7.714350","15.196970"
"09/28/2026 20:29:12.476","11.737816","14.119059","88.132815","10.371528","0.000000"
"09/28/2026 20:29:17.485","11.717559","75.671319","10.482932","12.978181","5.804339"
"09/28/2026 20:29:22.489","9.728561","98.438661","0.000000","5.070563","0.698813"
"09/28/2026 20:29:27.500","12.304470","48.551956","9.576166","41.692217","24.231063"
"09/28/2026 20:29:32.506","10.884328","65.976854","9.167564","12.288954","27.895901"
"09/28/2026 20:29:37.517","10.520354","51.051204","8.026148","41.074380","17.379421"
"09/28/2026 20:29:42.528","11.093094","17.056600","26.099301","46.679243","31.400195"
"09/28/2026 20:29:47.539","14.512606","70.378228","17.994464","33.584870","14.564574"
"09/28/2026 20:29:52.542","13.451571","83.757528","15.664088","18.162930","9.104628"
"09/28/2026 20:29:57.543","9.940985","36.897514","29.087800","39.396622","7.220602"
"09/28/2026 20:30:02.548","10.349430","15.708691","76.273558","9.152700","11.962411"
"09/28/2026 20:30:07.551","11.323480","73.764035","17.544111","23.790769","5.675460"
"09/28/2026 20:30:12.557","9.786747","57.552825","6.678637","46.316808","2.621186"
"09/28/2026 20:30:17.572","10.321767","35.497110","12.438106","8.698808","61.983804"
"09/28/2026 20:30:22.581","9.819152","27.325075","25.765527","42.608643","19.527336"
"09/28/2026 20:30:27.582","11.402905","78.755442","21.582589","13.147250","17.521129"
"09/28/2026 20:30:32.591","11.477098","56.947451","17.950578","18.574528","31.365502"
"09/28/2026 20:30:37.594","11.656091","65.333897","20.986270","15.677047","24.109343"
"09/28/2026 20:30:42.595","11.231444","76.880341","8.458646","17.206625","20.643331"
"09/28/2026 20:30:47.606","13.188467","53.541150","18.307257","27.661387","25.478757"
"09/28/2026 20:30:52.610","10.783740","72.208556","21.934146","22.246409","4.135131"
"09/28/2026 20:30:57.612","10.624377","45.023644","44.398913","22.533317","2.229549"
"09/28/2026 20:31:02.627","9.950953","57.623978","18.052251","34.566436","4.030773"
"09/28/2026 20:31:07.636","11.318603","68.498871","24.833939","15.477167","2.689580"
"09/28/2026 20:31:12.650","11.631128","80.365359","17.409843","18.656486","3.073438"
"09/28/2026 20:31:17.659","10.460733","64.439042","19.208000","27.630332","3.611089"
"09/28/2026 20:31:22.659","12.610388","66.877358","33.754717","30.629939","7.506586"
"09/28/2026 20:31:27.661","10.565668","94.064611","6.283337","8.470059","1.285115"
"09/28/2026 20:31:32.673","9.336438","96.882182","2.724065","6.153666","2.412284"
"09/28/2026 20:31:37.675","11.359611","91.879077","3.798301","8.795792","0.987212"
"09/28/2026 20:31:42.690","11.548824","88.782942","17.741575","14.937310","2.785498"
"09/28/2026 20:31:47.697","13.659973","67.544472","42.578681","32.280292","9.499008"
"09/28/2026 20:31:52.712","13.577967","76.943739","32.389073","37.062639","8.709669"
"09/28/2026 20:31:57.716","11.287461","75.021546","20.693410","35.056021","2.896262"
"09/28/2026 20:32:02.731","13.121312","75.388915","28.347474","38.316521","5.294052"
"09/28/2026 20:32:07.746","13.352980","63.544375","46.718703","33.008895","8.081972"
"09/28/2026 20:32:12.753","12.319665","62.862964","40.705573","23.853472","7.001372"
"09/28/2026 20:32:17.765","9.953852","100.000000","3.978487","7.407827","0.000000"
"09/28/2026 20:32:22.779","10.455829","98.441807","4.326937","6.820046","0.000000"
"09/28/2026 20:32:27.779","11.212209","98.750018","6.251342","9.688793","0.000000"
"09/28/2026 20:32:32.783","9.721046","100.000000","2.266103","2.266103","1.017108"
"09/28/2026 20:32:37.794","11.082444","98.441182","3.353307","6.470942","0.859198"
"09/28/2026 20:32:42.809","10.141629","99.065193","2.780021","6.207648","0.000000"
"09/28/2026 20:32:47.822","11.590909","99.688289","2.434392","5.863215","5.239793"
"09/28/2026 20:32:52.827","10.374039","100.000000","4.170067","3.857918","0.000000"
"09/28/2026 20:32:57.839","10.036579","98.441067","3.969731","5.528664","0.000000"
"09/28/2026 20:33:02.846","10.088510","100.000000","3.574315","4.822543","0.000000"
"09/28/2026 20:33:07.854","10.124194","97.816151","2.974688","5.470515","1.102817"
"09/28/2026 20:33:12.868","11.152597","98.441729","4.945486","7.127065","2.452252"
"09/28/2026 20:33:17.877","10.031942","100.000000","2.689466","6.432178","0.000000"
"09/28/2026 20:33:22.890","10.538269","98.441433","2.745436","4.615716","0.000000"
"09/28/2026 20:33:27.900","10.163325","100.000000","3.016931","5.511672","0.834032"
"09/28/2026 20:33:32.914","10.650711","95.013788","2.768860","5.885242","2.768860"
"09/28/2026 20:33:37.914","10.418992","99.062524","3.440007","5.939942","0.000000"
"09/28/2026 20:33:42.929","10.056781","100.000000","4.032871","4.032871","0.000000"
"09/28/2026 20:33:47.943","10.463186","98.753548","3.088344","3.711570","1.530278"
"09/28/2026 20:33:52.949","10.754839","97.190767","5.110362","5.422499","0.000000"
"09/28/2026 20:33:57.950","11.275599","100.000000","3.138733","4.701011","6.263290"
"09/28/2026 20:34:02.953","10.541622","15.356809","84.383175","5.986714","0.000000"
"09/28/2026 20:34:07.966","10.462184","3.696527","100.000000","4.943174","0.268248"
"09/28/2026 20:34:12.974","10.736529","40.413026","49.460263","22.006578","3.288157"
"09/28/2026 20:34:17.988","11.105383","51.072902","30.816460","33.309560","1.834166"
"09/28/2026 20:34:22.989","10.190016","88.440170","12.832634","10.333211","0.023093"
"09/28/2026 20:34:27.992","10.247336","58.773896","40.659396","16.610836","1.931844"
"09/28/2026 20:34:32.999","10.313322","97.191196","5.749015","7.309462","0.000000"
"09/28/2026 20:34:38.013","14.576181","85.042067","17.731369","16.796498","18.977863"
"09/28/2026 20:34:43.018","17.928597","54.425009","14.468852","43.187339","36.632032"
"09/28/2026 20:34:48.033","14.850534","62.300038","2.478611","55.757070","2.167041"
"09/28/2026 20:34:53.035","12.452862","69.073447","6.595561","50.642471","5.033614"
"09/28/2026 20:34:58.038","9.992254","60.019693","0.000000","51.898694","2.235657"
"09/28/2026 20:35:03.049","10.760282","48.241223","0.535845","66.325615","0.535845"
"09/28/2026 20:35:08.062","11.587599","54.495146","1.510041","61.352041","4.315135"
"09/28/2026 20:35:13.064","8.663457","75.320780","2.532702","33.147430","1.283121"
"09/28/2026 20:35:18.071","10.793592","75.660341","1.393177","43.831557","4.825693"
"09/28/2026 20:35:23.073","10.977820","45.961975","6.917159","65.015845","0.357630"
"09/28/2026 20:35:28.086","10.172688","64.780734","0.000000","48.885313","4.315799"
"09/28/2026 20:35:33.099","10.593418","50.751052","5.554232","61.037224","2.125508"
"09/28/2026 20:35:38.104","11.010814","54.107024","0.000000","61.599754","6.340864"
"09/28/2026 20:35:43.104","11.281608","74.689088","5.943401","35.316558","0.631234"
"09/28/2026 20:35:48.120","11.014301","90.030486","0.000000","27.409479","4.354979"
"09/28/2026 20:35:53.133","11.584721","63.220906","0.000000","51.065104","5.558767"
"09/28/2026 20:35:58.134","12.086490","58.763696","4.719147","59.700885","7.218317"
"09/28/2026 20:36:03.148","10.655582","97.818334","5.876693","17.408357","2.760027"
"09/28/2026 20:36:08.156","10.622481","78.474524","0.000000","32.927865","0.171707"
"09/28/2026 20:36:13.157","10.553026","81.563768","0.000000","34.379513","2.506706"
"09/28/2026 20:36:18.169","10.504964","61.032640","1.178776","49.186563","2.425731"
"09/28/2026 20:36:23.171","10.910517","85.006416","3.791168","27.531009","2.541702"
"09/28/2026 20:36:28.179","11.123571","56.010262","8.588700","56.634230","2.349021"
"09/28/2026 20:36:33.184","9.515082","60.969841","0.000000","51.602603","0.707276"
"09/28/2026 20:36:38.185","11.152175","73.759564","0.000000","38.147544","4.409841"
"09/28/2026 20:36:43.198","10.639030","97.506206","3.677188","10.223398","0.000000"
"09/28/2026 20:36:48.201","10.619222","97.189366","0.000000","11.308868","0.000000"
"09/28/2026 20:36:53.215","13.703391","100.000000","0.000000","16.482126","0.900433"
"09/28/2026 20:36:58.229","10.482406","97.506908","0.276310","8.690497","0.899583"
"09/28/2026 20:37:03.240","10.063139","65.703696","0.000000","41.696283","0.540717"
"09/28/2026 20:37:08.245","9.691766","63.783042","0.403366","39.742475","0.000000"
"09/28/2026 20:37:13.248","10.459183","59.087875","6.620418","50.343299","2.248130"
"09/28/2026 20:37:18.263","11.082624","82.239893","2.475204","27.713250","0.000000"
"09/28/2026 20:37:23.276","10.153470","93.766970","3.388036","11.179323","0.271521"
"09/28/2026 20:37:28.281","10.609567","95.004958","-1","6.967348","2.284496"
"09/28/2026 20:37:33.282","10.760236","82.500986","1.568046","28.754014","1.880528"
"09/28/2026 20:37:38.291","11.690347","87.835491","6.426857","27.012948","2.995842"
"09/28/2026 20:37:43.294","10.968712","77.198829","5.984211","33.158210","2.860763"
"09/28/2026 20:37:48.306","10.890775","66.018989","0.000000","48.560855","0.550987"
"09/28/2026 20:37:53.320","13.049262","89.405435","0.286445","52.012852","9.946196"
"09/28/2026 20:37:58.321","11.615839","90.315491","5.341734","29.396805","4.092120"
"09/28/2026 20:38:03.333","10.641955","63.518844","6.146770","49.799435","3.340527"
"09/28/2026 20:38:08.333","10.176941","84.063861","4.383166","27.818664","0.321013"
"09/28/2026 20:38:13.347","10.697477","92.208592","4.944820","20.527636","4.633164"
"09/28/2026 20:38:18.348","9.882816","76.256862","0.000000","34.081552","7.214317"
"09/28/2026 20:38:23.362","10.184291","73.822688","0.000000","38.919604","0.000000"
"09/28/2026 20:38:28.370","11.606148","40.412144","0.000000","62.874582","14.829923"
"09/28/2026 20:38:33.383","11.005559","94.700856","19.889417","15.213702","0.000000"
"09/28/2026 20:38:38.395","12.808563","62.904999","31.421006","46.695418","3.989408"
"09/28/2026 20:38:43.411","11.121649","63.550400","17.131680","44.235228","4.358743"
"09/28/2026 20:38:48.417","12.836036","75.032849","21.665565","30.716157","1.067665"
"09/28/2026 20:38:53.432","13.582405","67.593402","40.172435","28.019961","2.780207"
"09/28/2026 20:38:58.445","12.050054","63.531682","24.881498","36.102519","1.192676"
"09/28/2026 20:39:03.454","11.685306","52.898830","19.834432","50.715332","0.494879"
"09/28/2026 20:39:08.458","10.732315","78.457114","16.326182","24.131575","1.339826"
"09/28/2026 20:39:13.469","10.911863","62.264884","19.540001","33.573722","3.946978"
"09/28/2026 20:39:18.482","9.718173","32.054874","59.482264","16.471129","13.666055"
"09/28/2026 20:39:23.487","15.235469","7.600547","54.112434","53.175953","16.965357"
"09/28/2026 20:39:28.491","17.612411","16.623553","45.352516","36.296647","53.159300"
"09/28/2026 20:39:33.495","13.044483","12.250783","3.194814","2.570264","98.126351"
"09/28/2026 20:39:38.502","9.963251","4.515542","0.000000","0.000000","99.063878"
"09/28/2026 20:39:43.505","10.565710","4.436864","0.376992","0.064694","98.126213"
"09/28/2026 20:39:48.507","11.719171","8.152532","6.278094","1.904405","96.251124"
"09/28/2026 20:39:53.508","13.438837","33.146146","6.279644","11.590464","97.188389"
"09/28/2026 20:39:58.522","12.518297","29.256298","11.492461","9.622584","96.260245"
"09/28/2026 20:40:03.528","13.431381","41.316466","16.032603","10.726113","71.282526"
"09/28/2026 20:40:08.542","12.239537","53.575234","21.794522","43.916390","22.729248"
"09/28/2026 20:40:13.548","13.799877","72.844620","27.897785","26.649262","21.655169"
"09/28/2026 20:40:18.552","11.676898","81.575499","15.996766","27.551114","10.375732"
"09/28/2026 20:40:23.564","12.478035","94.388618","6.788718","8.970922","18.946711"
"09/28/2026 20:40:28.574","10.368852","51.344204","4.559786","50.096620","-1"
"09/28/2026 20:40:33.574","11.502525","66.251957","3.755580","35.003768","5.005508"
"09/28/2026 20:40:38.580","11.695313","99.375755","6.051095","5.738973","5.114728"
"09/28/2026 20:40:43.591","10.954835","34.521793","68.819901","6.147903","0.000000"
"09/28/2026 20:40:48.592","10.364814","68.129711","36.571876","4.076679","0.000000"
"09/28/2026 20:40:53.605","13.523566","99.376653","8.367966","5.874577","16.159806"
"09/28/2026 20:40:58.607","9.973250","81.255275","22.209390","4.401901","-1"
"09/28/2026 20:41:03.621","11.135343","98.130258","4.331560","4.331560","0.000000"
"09/28/2026 20:41:08.625","10.602071","98.438919","3.212954","4.149603","0.000000"
"09/28/2026 20:41:13.637","11.710644","97.817450","4.591372","4.591372","1.161650"
"09/28/2026 20:41:18.652","11.281673","99.376869","4.660903","4.660903","0.000000"
"09/28/2026 20:41:23.653","11.764828","97.188139","5.958855","4.084281","2.209706"
"09/28/2026 20:41:28.663","10.192434","98.128738","3.318145","3.006268","0.000000"
"09/28/2026 20:41:33.668","9.787389","99.687846","3.856456","4.168610","0.734912"
"09/28/2026 20:41:38.672","13.816113","96.565135","10.068988","8.819946","0.701174"
"09/28/2026 20:41:43.680","12.345089","83.152786","8.276280","20.131727","12.956062"
"09/28/2026 20:41:48.690","9.643581","70.370684","4.562413","32.320404","-1"
"09/28/2026 20:41:53.705","12.806760","38.305199","28.022733","47.029717","2.783951"
"09/28/2026 20:41:58.719","9.316222","71.330215","3.395288","31.441818","0.000000"
"09/28/2026 20:42:03.724","11.884632","96.878570","6.669242","5.108527","0.426382"
"09/28/2026 20:42:08.724","9.713742","96.875007","3.125217","2.500218","0.000224"
"09/28/2026 20:42:13.728","10.628726","33.176465","1.638254","70.959866","19.437046"
"09/28/2026 20:42:18.742","10.476233","66.340933","11.177463","31.435235","-1"
"09/28/2026 20:42:23.750","12.299154","80.967382","14.197216","18.253347","5.460932"
"09/28/2026 20:42:28.756","11.213302","82.208847","7.610854","17.910995","14.477615"
"09/28/2026 20:42:33.760","10.876240","42.232190","18.500550","50.663168","0.000000"
"09/28/2026 20:42:38.770","10.426788","52.289986","7.698273","26.408083","24.225272"
"09/28/2026 20:42:43.773","11.667622","61.897879","17.861821","21.609570","26.606570"
"09/28/2026 20:42:48.776","10.452822","60.021954","9.424740","28.164449","20.356237"
"09/28/2026 20:42:53.781","12.768027","75.961126","25.698027","16.956618","1.346960"
"09/28/2026 20:42:58.793","10.897671","94.076299","8.962076","12.703361","6.467887"
"09/28/2026 20:43:03.805","12.042767","52.930151","8.977511","52.930151","12.094719"
"09/28/2026 20:43:08.815","11.673799","47.916520","5.813108","10.179388","52.282800"
"09/28/2026 20:43:13.820","10.385827","93.131618","11.023234","17.267218","6.028048"
"09/28/2026 20:43:18.832","11.094062","35.152186","22.057916","44.505236","20.187306"
"09/28/2026 20:43:23.845","9.985994","70.389275","10.232749","29.245951","3.063836"
"09/28/2026 20:43:28.851","10.616893","72.537515","14.491809","19.797062","15.115957"
"09/28/2026 20:43:33.852","10.383581","85.313480","5.006336","19.692856","5.006336"
"09/28/2026 20:43:38.866","12.546971","50.138139","21.467569","30.816668","27.700302"
"09/28/2026 20:43:43.877","19.615123","59.463259","19.238339","29.840256","45.119489"
"09/28/2026 20:43:48.882","19.182339","29.769010","18.844189","21.341291","84.393113"
"09/28/2026 20:43:53.883","15.537231","10.941061","2.816385","3.441360","99.062537"
"09/28/2026 20:43:58.885","12.630233","18.161613","8.790805","8.790805","96.876397"
"09/28/2026 20:44:03.886","14.613095","8.143009","11.892274","3.768867","99.375123"
"09/28/2026 20:44:08.898","11.300193","10.845588","0.000000","6.481386","98.753085"
"09/28/2026 20:44:13.899","11.231977","7.820827","0.000000","2.196336","99.062585"
"09/28/2026 20:44:18.901","10.184450","3.794153","4.731223","1.920013","99.062930"
"09/28/2026 20:44:23.909","10.307348","8.890260","0.000000","2.961886","98.439902"
"09/28/2026 20:44:28.923","11.379980","3.408592","0.915911","9.640296","100.000000"
"09/28/2026 20:44:33.930","12.163212","10.121706","3.256003","0.000000","98.439613"
"09/28/2026 20:44:38.942","10.911555","3.365209","4.612109","0.871408","99.688275"
"09/28/2026 20:44:43.958","10.829654","6.532757","0.000000","2.170952","95.326638"
"09/28/2026 20:44:48.963","13.017502","23.838290","55.052105","18.844079","17.907665"
"09/28/2026 20:44:53.966","11.202147","85.944353","5.983337","19.101941","3.484555"
"09/28/2026 20:44:58.968","10.423491","0.000000","50.330725","7.533928","58.140359"
"09/28/2026 20:45:03.981","9.998357","4.012099","0.000000","5.570344","100.000000"
"09/28/2026 20:45:08.985","10.179215","4.753274","0.693577","5.377842","96.252588"
"09/28/2026 20:45:13.996","11.622718","4.282845","14.883442","5.841756","99.376435"
"09/28/2026 20:45:19.010","10.423529","4.957273","-1","6.515351","97.507076"
"09/28/2026 20:45:24.012","10.412215","5.036688","0.000000","6.598585","100.000000"
"09/28/2026 20:45:29.026","11.698956","5.258173","7.439729","6.504776","93.455334"
"09/28/2026 20:45:34.026","11.331297","4.690910","6.253354","6.565843","100.000000"
"09/28/2026 20:45:39.040","11.567638","11.801379","0.000000","13.982970","94.078538"
"09/28/2026 20:45:44.044","10.972229","9.450055","1.644025","8.513331","100.000000"
"09/28/2026 20:45:49.055","10.874314","7.392435","2.091665","9.886915","99.376380"
"09/28/2026 20:45:54.057","12.541906","13.166607","0.000000","12.541906","99.062949"
"09/28/2026 20:45:59.063","11.475747","9.798116","4.180006","13.855641","96.878828"
"09/28/2026 20:46:04.066","11.792662","11.298139","8.174834","15.046104","96.252034"
"09/28/2026 20:46:09.074","11.213644","2.659996","0.000000","9.835701","99.688013"
"09/28/2026 20:46:14.087","10.234584","4.000875","4.312560","5.559302","99.688315"
"09/28/2026 20:46:19.101","11.677022","9.612127","0.000000","11.170539","98.441588"
"09/28/2026 20:46:24.115","10.890230","6.528213","0.296761","6.528213","100.000000"
"09/28/2026 20:46:29.118","12.424458","11.604536","7.856318","11.292184","98.750594"
"09/28/2026 20:46:34.129","11.144859","8.962453","0.000000","8.650680","98.752910"
"09/28/2026 20:46:39.130","11.420110","6.563384","4.688402","7.188378","99.687503"
"09/28/2026 20:46:44.130","13.632769","44.070905","13.762960","54.069402","20.012021"
"09/28/2026 20:46:49.131","10.175569","78.439011","6.569050","10.631265","16.255870"
"09/28/2026 20:46:54.140","13.828667","66.940149","3.939301","30.761444","6.122499"
"09/28/2026 20:46:59.150","14.222585","56.643416","7.672309","22.644367","25.763546"
"09/28/2026 20:47:04.155","12.402956","50.360808","17.268013","19.141190","34.126607"
"09/28/2026 20:47:09.157","12.987285","50.962622","33.159243","30.348183","21.290323"
"09/28/2026 20:47:14.159","15.180805","68.134225","32.519536","29.395440","10.963276"
"09/28/2026 20:47:19.175","10.265978","52.965563","21.816930","28.669629","20.882471"
"09/28/2026 20:47:24.186","15.649490","62.268348","41.063784","35.138979","15.181742"
"09/28/2026 20:47:29.201","21.149558","42.673105","46.723375","47.034934","25.225790"
"09/28/2026 20:47:34.210","15.975901","74.734285","52.587794","41.670510","8.606735"
"09/28/2026 20:47:39.212","11.498234","79.071935","29.406826","17.537178","1.294500"
"09/28/2026 20:47:44.218","11.793983","81.271503","34.450262","15.409623","6.045375"
"09/28/2026 20:47:49.233","10.760746","89.718142","22.107139","18.368282","0.000000"
"09/28/2026 20:47:54.245","11.353390","89.713097","20.822017","18.016498","4.612351"
"09/28/2026 20:47:59.251","15.924258","85.640529","39.128331","45.371580","3.229655"
"09/28/2026 20:48:04.260","11.900868","68.805265","46.968950","37.922477","13.278636"
"09/28/2026 20:48:09.264","12.305869","77.832547","33.497641","37.244253","6.646923"
"09/28/2026 20:48:14.275","8.555771","80.666523","23.601582","24.848904","2.708954"
"09/28/2026 20:48:19.287","10.834256","76.309058","30.485788","33.914740","8.041737"
"09/28/2026 20:48:24.302","9.721059","66.973019","36.438641","26.779807","8.085290"
"09/28/2026 20:48:29.313","6.532489","98.129091","3.648169","4.895442","1.153624"
"09/28/2026 20:48:34.318","7.544966","97.814794","3.538755","5.723962","9.782202"
"09/28/2026 20:48:39.329","6.782348","99.064575","3.027658","3.963083","0.000000"
"09/28/2026 20:48:44.339","7.771442","97.816768","5.809132","7.368583","0.000000"
"09/28/2026 20:48:49.349","7.489103","99.376156","5.799525","3.927993","1.432616"
"09/28/2026 20:48:54.350","7.453383","97.812937","6.581161","5.331411","0.000000"
"09/28/2026 20:48:59.350","9.031336","99.062581","6.258139","3.445883","0.633627"
"09/28/2026 20:49:04.352","7.504879","98.438022","4.719352","4.719352","1.907792"
"09/28/2026 20:49:09.353","8.352620","98.125394","8.456764","9.081633","0.000000"
"09/28/2026 20:49:14.366","8.112284","97.818381","5.878721","6.190381","2.762122"
"09/28/2026 20:49:19.367","7.827922","99.375105","6.890579","4.078550","0.000000"
"09/28/2026 20:49:24.376","7.787070","98.128448","4.238921","5.174697","4.238921"
"09/28/2026 20:49:29.391","14.050266","98.130399","20.230336","18.983936","0.000000"
"09/28/2026 20:49:34.406","11.373285","62.612430","32.079249","37.064258","0.000000"
"09/28/2026 20:49:39.410","9.905951","97.189846","14.134191","13.509712","1.332380"
"09/28/2026 20:49:44.419","9.624577","99.376183","10.170416","8.610874","19.527664"
"09/28/2026 20:49:49.433","8.938057","98.441832","10.561151","11.184418","-1"
"09/28/2026 20:49:54.446","11.858077","80.672682","34.848233","16.144377","0.246099"
"09/28/2026 20:49:59.450","11.754571","65.654145","49.105688","18.194419","0.709256"
"09/28/2026 20:50:04.462","11.342745","70.075254","40.773941","11.784343","0.000000"
"09/28/2026 20:50:09.477","12.891339","87.537360","26.470424","18.058142","0.922012"
"09/28/2026 20:50:14.480","8.737744","99.687681","11.301364","6.616576","7.241215"
"09/28/2026 20:50:19.489","10.888193","81.283401","33.244131","20.142512","0.000000"
"09/28/2026 20:50:24.492","8.671561","94.378187","11.924924","15.672800","0.056652"
"09/28/2026 20:50:29.503","8.919550","77.239631","35.148537","12.699954","0.540304"
"09/28/2026 20:50:34.507","9.709792","60.964027","22.552629","43.475910","17.243736"
"09/28/2026 20:50:39.509","8.210470","86.254999","17.842382","20.653860","-1"
"09/28/2026 20:50:44.509","9.420040","57.190325","36.566687","27.192305","11.255857"
"09/28/2026 20:50:49.515","8.514304","90.323378","19.153386","19.777684","0.000000"
"09/28/2026 20:50:54.526","9.147266","61.341473","36.088726","28.294668","0.000000"
"09/28/2026 20:50:59.531","9.527605","58.165461","32.253022","28.506646","6.652782"
"09/28/2026 20:51:04.546","11.748906","55.127883","48.895644","33.315048","0.000000"
"09/28/2026 20:51:09.552","15.792162","64.418125","21.969571","46.627187","16.975624"
"09/28/2026 20:51:14.554","14.035437","61.891864","38.152369","41.275987","0.000000"
"09/28/2026 20:51:19.558","14.668710","47.544479","60.033889","38.801892","2.894839"
"09/28/2026 20:51:24.564","11.607203","46.004576","39.138106","37.265433","1.372521"
"09/28/2026 20:51:29.575","9.930882","76.924011","17.986688","32.643059","5.513181"
"09/28/2026 20:51:34.583","9.041347","86.896338","17.946118","14.514207","0.000000"
"09/28/2026 20:51:39.589","10.712107","54.432744","54.744848","14.171264","6.056547"
"09/28/2026 20:51:44.598","9.096492","80.033206","16.077071","22.316694","0.000000"
"09/28/2026 20:51:49.604","11.291779","78.466606","24.165005","28.846177","3.255767"
"09/28/2026 20:51:54.611","9.834175","80.650887","14.177322","34.462682","0.000000"
"09/28/2026 20:51:59.626","15.546023","91.898650","32.384886","22.725584","3.095390"
"09/28/2026 20:52:04.634","10.254957","97.816169","16.390482","19.822216","2.975522"
"09/28/2026 20:52:09.646","12.427081","79.110332","25.794910","32.654204","0.228451"
"09/28/2026 20:52:14.656","12.665270","75.674659","36.691741","29.207021","2.386773"
"09/28/2026 20:52:19.659","9.875802","51.281404","18.802340","57.215079","3.499704"
"09/28/2026 20:52:24.666","8.361064","83.773355","14.498065","19.802929","0.000000"
"09/28/2026 20:52:29.673","11.312488","69.726608","27.905634","38.829023","6.370954"
"09/28/2026 20:52:34.678","8.049317","65.035587","30.071175","24.451894","1.350408"
